Brand,Model,Ram,Storage,Selling Price
OPPO,A53,4,64,11990
OPPO,A53,4,64,11990
OPPO,A53,6,128,13990
OPPO,A53,6,128,13990
OPPO,A53,4,64,11990
OPPO,A53,6,128,13990
OPPO,A12,4,64,10490
OPPO,A12,3,32,9490
OPPO,A12,3,32,9490
OPPO,A12,3,32,9490
OPPO,A12,3,32,9490
OPPO,A12,4,64,10490
OPPO,A53s 5G,6,128,15990
OPPO,A53s 5G,6,128,15990
OPPO,A12,4,64,10490
OPPO,A53s 5G,8,128,17990
OPPO,A53s 5G,8,128,17990
OPPO,A33,3,32,10490
OPPO,A31,4,64,11960
OPPO,A31,4,64,11779
OPPO,A74 5G,6,128,18979
OPPO,A11K,2,32,8990
OPPO,F17 Pro,8,128,19990
OPPO,A54,4,128,15990
OPPO,A54,4,64,14990
OPPO,Reno6 5G,8,128,29990
OPPO,Reno6 5G,8,128,29990
OPPO,F17 Pro,8,128,19990
OPPO,A54,4,64,14990
OPPO,A54,4,128,15990
OPPO,A54,6,128,16990
OPPO,A54,6,128,16990
OPPO,A54,4,64,14990
OPPO,F17 Pro,8,128,19990
OPPO,A31,4,64,12199
OPPO,F17,8,128,21990
OPPO,A53,6,128,15999
OPPO,A16,4,64,13850
OPPO,A11K,2,32,8990
OPPO,A54,4,128,15990
OPPO,Reno5 Pro 5G,8,128,35990
OPPO,A16,4,64,13990
OPPO,A15,3,32,10990
OPPO,F17,6,128,16990
OPPO,A15,3,32,10990
OPPO,A53,4,64,13499
OPPO,A53,6,128,15999
OPPO,A74 5G BLACK,6,128,18380
OPPO,Reno6 Pro 5G,12,256,39990
OPPO,A54,6,128,16990
OPPO,Reno2 F,6,256,19990
OPPO,Reno2 F,6,256,19990
OPPO,Reno3 Pro,8,256,26798
OPPO,F17,6,128,16990
OPPO,A15s,4,64,12990
OPPO,A15S,4,64,12990
OPPO,Reno3 Pro,8,256,27990
OPPO,F19 Pro,8,128,21990
OPPO,F19 Pro,8,256,23490
OPPO,F19 Pro+ 5G,8,128,25990
OPPO,F19 Pro+ 5G,8,128,25990
OPPO,A15S,4,64,12889
OPPO,F19 Pro,8,128,21990
OPPO,F19 Pro,8,256,23490
OPPO,F19 Pro,8,256,23490
OPPO,F19 Pro,8,128,21990
OPPO,A53,4,64,13499
OPPO,F19,6,128,19990
OPPO,A15,2,32,9989
OPPO,Reno3 Pro,8,128,24989
OPPO,A7,4,64,10990
OPPO,A15,3,32,11249
OPPO,Reno5 Pro 5G,8,128,35990
OPPO,F5,6,64,24990
OPPO,A5s,2,32,8990
OPPO,Reno,8,128,29999
OPPO,Reno2 Z,8,256,29489
OPPO,Reno6 Pro 5G,12,256,39990
OPPO,F15,4,128,15990
OPPO,F19,6,128,19990
OPPO,K1,6,64,13990
OPPO,F17,6,128,20999
OPPO,F15,4,128,15990
OPPO,Reno3 Pro,8,128,24719
OPPO,Reno3 Pro,8,128,24768
OPPO,A9 2020,4,128,14990
OPPO,Find X,8,256,60990
OPPO,Reno4 Pro Special Edition,8,128,34990
OPPO,F11,6,128,17990
OPPO,A5,4,64,15990
OPPO,Reno4 Pro,8,128,34990
OPPO,Reno4 Pro,8,128,34990
OPPO,F19,6,128,19990
OPPO,A12,4,64,10990
OPPO,A9 2020,4,128,14990
OPPO,Reno2 F,8,128,21990
OPPO,A5 2020,3,64,12990
OPPO,F3 Deepika Padukone Limited Edition,4,64,17000
OPPO,F1 Plus,4,64,27500
OPPO,K1,4,64,15000
OPPO,A83 2018 Edition,4,64,15000
OPPO,F3,4,64,18000
OPPO,F15,4,128,15990
OPPO,A3s,4,64,15000
OPPO,A83,2,16,11000
OPPO,K3,6,64,23990
OPPO,F9,4,64,19000
OPPO,Reno2 Z,8,256,29489
OPPO,A5s,3,32,9490
OPPO,A83,4,64,13990
OPPO,F5,4,32,15500
OPPO,A52,6,128,17999
OPPO,A52,6,128,17999
OPPO,A71 New Edition,3,16,9940
OPPO,A5s,2,32,12990
OPPO,Neo 7 4G,1,16,10000
OPPO,A5s,4,64,15726
OPPO,F3,4,64,18000
OPPO,A71,3,16,12500
OPPO,A71,3,16,12500
OPPO,F15,8,128,18990
OPPO,F15,8,128,18990
OPPO,A57,3,32,18000
OPPO,A31,6,128,13799
OPPO,A31,6,128,13899
OPPO,A9 2020,8,128,15990
OPPO,A9 2020,4,128,14990
OPPO,Reno2 F,8,128,25889
OPPO,A16,4,64,13490
OPPO,A5s,2,32,12990
OPPO,A1K,2,32,8490
OPPO,A5s,4,64,15677
OPPO,A37f,2,16,10000
OPPO,F9 Pro,6,64,19990
OPPO,A3s,3,32,12000
OPPO,F9 Pro,6,64,21150
OPPO,A83,3,32,14995
OPPO,A3s,2,16,9500
OPPO,F9 Pro,6,64,21150
OPPO,A5s,3,32,13750
OPPO,A5s,3,32,12990
OPPO,A3s,3,32,12990
OPPO,A3s,2,16,9500
OPPO,A5,4,32,15000
OPPO,A5,4,32,15000
OPPO,F19s,6,128,19990
OPPO,F19s,6,128,19990
OPPO,A5,4,32,13500
OPPO,A5,4,64,15990
OPPO,A52,6,128,16990
OPPO,A33,3,32,10490
OPPO,F17,8,128,22990
OPPO,F17,8,128,22990
OPPO,A15s,4,128,13489
OPPO,A15,2,32,8990
OPPO,A52,4,128,14990
OPPO,A74 5G,4,128,18490
OPPO,Reno3 Pro,8,256,27990
OPPO,A7,3,64,10990
OPPO,A1K,2,32,7990
OPPO,A52,8,128,20990
OPPO,A52,8,128,20990
OPPO,A52,4,128,14990
OPPO,A5s,4,64,10990
OPPO,F5,6,64,14990
OPPO,A7,4,64,10990
OPPO,A83,2,16,9990
OPPO,A3s,4,64,13990
OPPO,A7,3,64,10990
OPPO,A5 2020,3,64,14990
OPPO,A83,4,64,16990
OPPO,F5,4,32,19990
OPPO,K3,6,64,24990
OPPO,A71k,3,16,10990
OPPO,Neo 7 4G,1,16,8490
OPPO,K1,4,64,14990
OPPO,K1,6,64,13990
OPPO,K3,8,128,30994
OPPO,A5s,4,64,10990
OPPO,F9,4,64,17890
OPPO,F3,4,64,20990
OPPO,A57,3,32,14990
OPPO,A9,4,128,12990
OPPO,A9,4,128,12990
OPPO,F3 Plus,6,64,22990
OPPO,F3 Plus,6,64,22990
OPPO,F3 Plus,4,64,30990
OPPO,Rohit Sharma Limited Edition,4,64,22990
OPPO,F17 PRO,8,128,21999
OPPO,Hardik Pandya Limited Editon,4,64,22990
OPPO,Reno4 Pro Special Edition,8,128,34990
OPPO,Ravichandran Ashwin Limited Edition,4,64,22990
OPPO,Reno4 Pro Special Edition,8,128,34990
OPPO,Ravichandran Ashwin Limited Edition,4,64,22990
OPPO,F3 Plus,4,64,12990
OPPO,F11 Pro,6,128,14990
OPPO,F11 Pro,6,128,17990
OPPO,R1 R829,1,16,21452
OPPO,F11,6,128,17990
OPPO,F11,4,128,13990
OPPO,A9 2020,8,128,15990
OPPO,R1 R829,1,16,24990
OPPO,F11 Pro,6,64,16990
OPPO,F11 Pro,6,64,16890
OPPO,K3,8,128,29999
OPPO,A9 2020,8,128,15990
OPPO,A15S,4,128,13489
OPPO,A15s,4,128,13489
OPPO,A71k,3,16,10990
OPPO,F5 Youth,3,32,17990
OPPO,F5 Youth,3,32,17990
OPPO,F11,6,128,17990
OPPO,F7,4,64,22990
OPPO,F7,4,64,22990
OPPO,F7,4,64,22990
OPPO,Find X,8,256,60990
OPPO,Neo 5,1,16,4999
OPPO,F7,6,128,27990
OPPO,F1,3,16,15739
OPPO,Reno2,8,256,38990
OPPO,F7,6,128,27990
OPPO,Neo 5,1,16,4999
OPPO,R17,8,128,38999
OPPO,A15,2,32,9490
OPPO,F11 Pro Marvel’s Avengers Limited Edition,6,128,27990
OPPO,F15,8,128,18990
OPPO,Reno 10x Zoom,6,128,38990
OPPO,F11,4,128,13990
OPPO,Reno6 Pro 5G,12,256,41990
OPPO,A37f,2,16,9990
OPPO,F1S,3,32,12990
OPPO,F1 Plus,4,64,24900
OPPO,A83,3,32,13490
OPPO,F11 Pro,6,128,17990
OPPO,F1S,4,64,18990
OPPO,F1S,4,64,18990
OPPO,F1S,4,64,18990
OPPO,Reno 10x Zoom,6,128,38990
OPPO,Reno 10x Zoom,8,256,41990
OPPO,Reno 10x Zoom,8,256,41990
OPPO,A37f,2,16,9990
OPPO,Reno2,8,256,38990
OPPO,N5111,2,16,9990
OPPO,F9 Pro,6,128,21990
HTC,U11+ ,6,128,56990
HTC,Wildfire X ,3,32,12999
HTC,Wildfire X ,4,128,16999
HTC,Wildfire X ,4,128,17999
HTC,Wildfire X ,3,32,13999
IQOO,3,8,128,34990
IQOO,3,8,128,34990
IQOO,3,8,256,37990
IQOO,3,8,256,37990
IQOO,3,12,256,39990
Google Pixel,4a ,6,128,31999
Google Pixel,3a XL ,4,64,44999
Google Pixel,3,4,64,69999
Google Pixel,3a XL ,4,64,44999
Google Pixel,3,4,64,71000
Google Pixel,3,4,64,71000
Google Pixel,3,4,128,80000
Google Pixel,3 XL ,4,64,83000
Google Pixel,3 XL ,4,64,83000
Google Pixel,3 XL ,4,128,92000
Google Pixel,3,4,128,80000
Google Pixel,3,4,128,80000
Google Pixel,3 XL ,4,128,92000
Google Pixel,3 XL ,4,64,83000
Google Pixel,3a ,4,64,39999
Google Pixel,XL ,4,128,76000
Google Pixel,2 XL ,4,128,82000
Google Pixel,2,4,64,61000
Google Pixel,3 XL ,4,128,92000
Google Pixel,2,4,128,70000
Google Pixel,Quite Black,4,128,66000
Google Pixel,Very Silver,4,32,57000
Google Pixel,2,4,128,70000
Google Pixel,3a ,4,64,39999
LG,W11 ,3,32,7690
LG,Velvet Dual Screen ,6,128,44990
LG,Q60 ,3,64,9990
LG,L90 Dual ,1,8,15532
LG,W31 ,4,64,9999
LG,W31 Plus ,4,128,10999
LG,K42 ,3,64,10990
LG,Velvet Dual Screen ,6,128,44990
LG,W31 ,4,64,9999
LG,W30 Pro ,4,64,14999
LG,W30 Pro ,4,64,13775
LG,Candy K9 ,2,16,5899
LG,K9 4G LTE ,2,16,7999
LG,W10 ,3,32,6999
LG,W30 Pro ,4,64,13998
LG,K-10 ,2,16,7799
LG,W41 ,4,64,10499
LG,Q Stylus+ ,4,64,24000
LG,W10 Alpha ,3,32,7299
LG,W30 ,3,32,8399
LG,W30 Plus ,4,64,12950
LG,G7+ ThinQ ,6,128,55000
LG,Stylus 2 ,2,16,12999
LG,K42 ,3,64,10990
LG,Max X160 ,1,8,5000
LG,W30 Plus ,4,64,12790
LG,V20 ,4,64,29199
LG,G8X ,6,128,27990
LG,V40 ThinQ ,6,128,60000
LG,K7i ,2,16,9990
LG,Nexus4 E960,2,16,26299
LG,G7 ThinQ ,4,64,50000
LG,G7 ThinQ ,4,64,50000
Google Pixel,Nexus 5X ,2,16,25990
LG,G5 ,4,32,52990
LG,Q6+ ,4,64,19990
LG,Spirit 4G LTE ,1,8,12500
LG,Velvet ,6,128,29999
LG,W41 Plus ,4,128,9499
LG,W41 ,4,64,8499
LG,Wing ,8,128,29999
LG,W41 Pro ,6,128,10499
LG,G7+ ThinQ ,6,128,55000
LG,Optimus L70 ,1,4,12791
LG,L60 Dual ,0,4,8800
LG,K8 ,2,16,5699
LG,G Pro 2 ,3,16,42021
LG,Optimus L5 II ,0,4,10199
LG,W30 ,3,32,9999
LG,V30+ ,4,128,29999
LG,V30+ ,4,128,29999
LG,G2 D802 ,2,16,31971
LG,Q Stylus ,3,32,20000
LG,Q6 ,3,32,16990
LG,G6 ,4,64,22990
LG,K10 2017 ,2,16,7499
LG,K10 2017 ,2,16,9990
LG,Wing ,8,128,29999
LG,V20a ,4,64,30990
LG,G7+ ThinQ ,6,128,55000
LG,K10 K420DS ,2,16,6980
LG,Q6 ,3,32,16990
LG,Q6 ,3,32,16990
LG,Q7 ,3,32,9990
LG,X Power ,2,16,8499
LG,Stylus 2 Plus ,3,16,14250
Google Pixel,Nexus 5X ,2,32,29990
Google Pixel,Nexus 5X ,2,16,25990
LG,Q6+ ,4,64,19990
LG,K-7 ,2,8,6590
LG,G3 Beat ,1,8,15999
LG,G8s ThinQ ,6,128,29999
LG,Q6+ ,4,64,19990
LG,G4 ,3,32,35990
LG,G4 ,3,32,35990
LG,Stylus 2 ,2,16,9999
LG,Stylus 3 ,3,16,9990
Google Pixel,Nexus 5X ,2,16,25400
LG,Stylus 2 ,2,16,8350
LG,L Bello ,1,8,7000
LG,G4 Stylus 4G LTE ,1,16,7000
LG,X Cam ,2,16,9999
LG,Optimus L3 II E425 ,0,4,6299
LG,Optimus L7 II Dual ,1,4,13299
LG,V20 ,4,64,31490
LG,K10 2017 ,2,16,9000
LG,G5 ,4,32,22999
LG,W30 ,3,32,8199
Google Pixel,Nexus 5X ,2,16,12000
LG,G4 ,3,32,25999
LG,G6 ,4,64,24998
LG,G6 ,4,64,29790
LG,G5 ,4,32,25999
LG,L 80 Dual ,1,4,14162
LG,G3 Stylus ,1,8,13990
LG,Q7 ,3,32,16790
LG,Q7 ,3,32,16996
LG,Q7+ ,4,64,20998
LG,Q7+ ,4,64,21001
LG,X Screen K500I ,2,16,7990
LG,Q7+ ,4,64,11849
LG,Spirit ,1,8,8000
LG,Spirit ,1,8,8000
LG,G4 ,3,32,30600
ASUS,ROG Phone 5 ,8,128,49999
ASUS,ROG Phone 3 ,12,128,49999
ASUS,Zenfone Max Pro M1 ,4,64,15599
ASUS,Zenfone 2 Laser ZE500KL ,2,16,7999
ASUS,ROG Phone 3 ,8,128,46999
ASUS,ZenFone Max M2 ,3,32,12999
ASUS,ZenFone 5Z ,6,128,36299
ASUS,Zenfone Max Pro M1 ,4,64,15599
ASUS,6Z ,6,64,35999
ASUS,Zenfone Max Pro M1 ,4,64,15599
ASUS,Zenfone Go 4.5 ,1,8,5299
ASUS,ZenFone Max M2 ,4,64,14999
ASUS,ZenFone 5Z ,6,128,36299
ASUS,Zenfone Go 5.5 ,2,32,6999
ASUS,Zenfone Go 3rd Gen,2,16,8999
ASUS,Zenfone Go 2nd Gen,1,8,5299
ASUS,Zenfone Go ,1,8,5299
ASUS,ZenFone Max M2 ,4,64,14999
ASUS,ZenFone Lite L1 ,2,16,7199
ASUS,ZenFone Max M2 ,3,32,12999
ASUS,Zenfone 4 Selfie ,3,32,10999
ASUS,Zenfone Max Pro M1 ,6,64,17999
ASUS,6Z ,6,128,38999
ASUS,Zenfone Go ,1,8,5699
ASUS,ROG Phone II ,8,128,40999
ASUS,Zenfone GO ,2,16,8499
ASUS,Zenfone Go 5.0 ,2,16,6999
ASUS,ROG Phone 5 ,12,256,57999
ASUS,ZenFone Lite L1 ,2,16,7199
ASUS,ZenFone Max Pro M2 ,3,32,15999
ASUS,Zenfone Go 4.5 ,1,8,5299
ASUS,Zenfone Go 2nd Gen,1,8,5299
ASUS,Zenfone Go 5.0 LTE 2nd Gen ,2,16,5840
ASUS,ROG Phone 3 ,12,256,57999
ASUS,Zenfone Go ,1,8,5699
ASUS,Zenfone C ,1,8,6299
ASUS,Zenfone Go ,1,8,5699
ASUS,Zenfone Go 5.0 LTE ,2,16,4990
ASUS,Zenfone Go 5.0 ,2,8,4990
ASUS,Zenfone Go 2nd Gen,1,8,5299
ASUS,Zenfone C ,1,8,6299
ASUS,Zenfone C ,1,8,6299
ASUS,Zenfone Go ,1,8,4649
ASUS,ROG Phone 5 ,12,256,57999
ASUS,6Z ,8,256,43999
ASUS,ZenFone 5Z ,8,256,43999
ASUS,6Z ,6,64,35999
ASUS,Zenfone Max ZC550KL ,3,32,14499
ASUS,Zenfone Max ,2,16,6990
ASUS,Zenfone Go 5.0 LTE 2nd Gen ,2,16,4999
ASUS,Zenfone Max Pro M1 ,6,64,17999
ASUS,Zenfone Max Pro M1 ,3,32,13199
ASUS,Zenfone Go 4.5 LTE ,1,8,4890
ASUS,Zenfone Go 4.5 LTE ,1,8,4890
ASUS,Zenfone Go 5.0 ,2,16,4499
ASUS,Zenfone Go ,2,32,7300
ASUS,Zenfone Go ,2,32,7499
ASUS,ROG Phone 5 ,8,128,49999
ASUS,ZenFone Max M1 ,4,64,9599
ASUS,Zenfone Go 4.5 LTE ,1,8,4890
ASUS,ZenFone Max M2 ,3,32,12999
ASUS,ROG ,8,128,26499
ASUS,ZenFone Max M1 ,3,32,9599
ASUS,Zenfone Selfie ,3,32,17999
ASUS,Zenfone Go 4.5 LTE ,1,8,4880
ASUS,6Z ,8,256,43999
ASUS,Zenfone Max Pro M1 ,6,64,17999
ASUS,Zenfone Max Pro M1 ,4,64,15599
ASUS,Zenfone Selfie ,3,16,13999
ASUS,Zenfone Selfie ,3,16,9999
ASUS,Zenfone Max Pro M1 ,3,32,13199
ASUS,Zenfone Selfie ,3,16,9999
ASUS,ZenFone Max M1 ,3,32,9599
ASUS,Zenfone Selfie ,3,32,17999
ASUS,Zenfone Selfie ,2,16,15999
ASUS,Zenfone Selfie ,2,16,15999
ASUS,Zenfone 4 Selfie ,3,32,10999
ASUS,ZenFone Max M2 ,4,64,14999
ASUS,Zenfone 4 Selfie ,3,32,10999
ASUS,ZenFone Max Pro M2 ,6,64,19999
ASUS,6Z ,8,256,43999
ASUS,Zenfone Max ,2,16,7499
ASUS,ZenFone 5Z ,8,256,43999
ASUS,6Z ,6,128,38999
ASUS,ROG Phone 5 Pro ,16,512,69999
ASUS,Zenfone Max ,2,32,8499
ASUS,Zenfone Selfie ,3,16,13999
ASUS,ZenFone Max Pro M2 ,4,64,17999
ASUS,ZenFone Max Pro M2 ,3,32,15999
ASUS,ROG Phone II ,12,512,62999
ASUS,Zenfone Max ZC550KL ,3,32,7990
ASUS,Zenfone Go ,2,32,6999
ASUS,ZenFone 5Z ,6,64,32999
ASUS,Zenfone Max Pro M1 ,3,32,13199
ASUS,ZenFone Max Pro M2 ,6,64,19999
ASUS,ROG Phone 5 Ultimate ,18,512,79999
ASUS,Zenfone Selfie ,2,16,15999
ASUS,ZenFone Max Pro M2 ,4,64,17999
ASUS,Zenfone Live ,2,16,7999
ASUS,Zenfone Selfie ,3,32,11999
ASUS,Zenfone Zoom ,4,64,37999
ASUS,Zenfone Zoom ,4,128,37999
ASUS,Zenfone Selfie ,3,32,7990
ASUS,Zenfone Selfie ,3,32,11999
ASUS,Zenfone Max ,2,32,7699
ASUS,Zenfone Selfie ,2,16,8499
ASUS,Zenfone Max ZC550KL ,3,32,8690
ASUS,Zenfone Go 5.0 LTE 2nd Gen ,2,16,5990
ASUS,Zenfone Selfie ,3,32,14500
ASUS,Zenfone Selfie ,3,16,6749
ASUS,Zenfone Max ,2,32,6999
ASUS,Zenfone Selfie ,3,16,12490
ASUS,Zenfone Live ,2,16,7668
realme,C11 2021 ,4,64,8799
realme,C11 2021 ,2,32,7299
realme,C11 2021 ,2,32,7299
realme,Narzo 30 5G ,4,64,14999
realme,Narzo 30 5G ,4,64,14999
realme,C20 ,2,32,7499
realme,C20 ,2,32,7499
realme,C21Y ,4,64,9999
realme,C21Y ,4,64,9999
realme,C11 2021 ,4,64,8799
realme,8i ,4,64,13999
realme,8i ,6,128,15999
realme,8i ,4,64,13999
realme,C25s ,4,128,11999
realme,C25s ,4,64,10999
realme,C25s ,4,128,11999
realme,C25s ,4,64,10999
realme,8s 5G ,6,128,17999
realme,8i ,6,128,15999
realme,C25Y ,4,128,11999
realme,C25Y ,4,128,11999
realme,8s 5G ,8,128,19999
realme,8s 5G ,8,128,19999
realme,8s 5G ,6,128,17999
realme,C21 ,4,64,9999
realme,C21 ,4,64,9999
realme,C21 ,3,32,8999
realme,C21 ,3,32,8999
realme,Narzo 30 5G ,6,128,16999
realme,Narzo 30 5G ,6,128,16999
realme,Narzo 30 ,6,64,14499
realme,Narzo 30 ,6,64,14499
realme,Narzo 30 ,4,64,13499
realme,Narzo 30 ,4,64,13499
realme,Narzo 30A ,3,32,8999
realme,Narzo 30 ,6,128,15499
realme,Narzo 30 ,6,128,15499
realme,8 5G ,4,128,16499
realme,8 5G ,4,64,15499
realme,8 5G ,4,64,15499
realme,8 Pro ,8,128,19999
realme,8 5G ,8,128,18499
realme,8 5G ,8,128,18499
realme,8 5G ,4,128,16499
realme,C15 ,3,32,9999
realme,8 Pro ,6,128,17999
realme,8 Pro ,8,128,19999
realme,8,6,128,16999
realme,8,6,128,16999
realme,8,8,128,17999
realme,8,4,128,15999
realme,8,8,128,17999
realme,C12 ,3,32,8999
realme,C12 ,3,32,8999
realme,C11 ,2,32,7499
realme,C11 ,2,32,7499
realme,7,6,64,14999
realme,X7 5G ,8,128,21999
realme,X7 5G ,6,128,19999
realme,X7 5G ,8,128,21999
realme,X7 5G ,6,128,19999
realme,Narzo 30 Pro 5G ,6,64,16999
realme,Narzo 30 Pro 5G ,6,64,16999
realme,C3 ,3,32,9999
realme,C15 Qualcomm Edition ,3,32,11999
realme,C15 Qualcomm Edition ,4,64,12999
realme,C15 Qualcomm Edition ,4,64,12999
realme,Narzo 30 Pro 5G ,8,128,19999
realme,Narzo 30 Pro 5G ,8,128,19999
realme,3i ,4,64,10499
realme,5 Pro ,8,128,16999
realme,7i ,4,64,13999
realme,Narzo 50i ,2,32,7499
realme,Narzo 50i ,2,32,7499
realme,Narzo 50A ,4,32,12499
realme,Narzo 50A ,4,64,11499
realme,Narzo 50A ,4,64,11499
realme,Narzo 50A ,4,128,12499
realme,3i ,3,32,8499
realme,7i ,4,128,14999
realme,5 Pro ,6,64,14999
realme,3i ,4,64,10499
realme,X3 SuperZoom ,8,128,27999
realme,X50 Pro 5G ,12,256,47999
realme,X3 ,6,128,24999
realme,GT 5G ,8,128,37999
realme,X50 Pro ,8,128,41999
realme,X50 Pro ,12,256,47999
realme,X50 Pro ,8,128,41999
realme,5 Pro ,8,128,16999
realme,5 Pro ,4,64,13999
realme,X3 SuperZoom ,8,256,29999
realme,C2 ,2,16,6499
realme,GT 5G ,12,256,41999
realme,6,6,64,14999
realme,X3 ,8,128,25999
realme,C15 Qualcomm Edition ,3,32,11999
realme,6,8,128,16999
realme,X3 SuperZoom ,8,256,29999
realme,X3 SuperZoom ,12,256,32999
realme,X3 SuperZoom ,12,256,32999
realme,X7 Pro 5G ,8,128,29999
realme,C2 ,2,32,6999
realme,X3 SuperZoom ,8,256,29999
realme,X3 SuperZoom ,12,256,32999
realme,X3 SuperZoom ,12,256,32999
realme,GT Master Edition ,6,128,25999
realme,6i ,6,64,13999
realme,6,6,64,14999
realme,1,6,128,10999
realme,3,3,32,8499
realme,6i ,4,64,12999
realme,X2 ,4,64,17999
realme,1,3,32,10999
realme,5i ,4,64,10999
realme,1,4,64,10990
realme,1,6,128,10990
realme,1,3,32,11990
realme,1,3,32,11900
realme,X ,4,128,17999
realme,Narzo 50i ,2,32,7499
realme,Narzo 50i ,2,32,7499
realme,Narzo 50A ,4,128,12499
realme,Narzo 50A ,4,64,11499
realme,Narzo 50A ,4,64,11499
realme,2,3,32,9990
realme,2,3,32,9990
realme,X2 ,8,128,20999
realme,X ,8,128,20999
realme,Narzo 50A ,4,128,12499
realme,C21Y ,3,32,8999
realme,C21Y ,3,32,8999
realme,Narzo 30A ,4,64,10499
realme,Narzo 30A ,4,64,10499
realme,Narzo 30A ,3,32,8999
realme,C15 ,4,64,10999
realme,C15 ,4,64,10999
realme,8 Pro ,6,128,17999
realme,8,4,128,15999
realme,C15 ,3,32,9999
realme,8 Pro ,8,128,19999
realme,8 Pro ,6,128,17999
realme,C25 ,4,64,9999
realme,C25 ,4,64,9999
realme,C3 ,4,64,9999
realme,C3 ,3,32,8999
realme,C3 ,4,64,10999
realme,C3 ,3,32,8999
realme,C25 ,4,128,10999
realme,C25 ,4,128,10999
realme,5 Pro ,6,64,14999
realme,C12 ,4,64,10999
realme,7i ,4,64,13999
realme,7,8,128,17999
realme,5 Pro ,6,64,14999
realme,3i ,4,64,10499
realme,3i ,3,32,8499
realme,5 Pro ,8,128,16999
realme,C12 ,4,64,10999
realme,7,6,64,14999
realme,7 Pro ,6,128,19999
realme,Narzo 20 Pro ,8,128,16999
realme,Narzo 20 Pro ,6,64,14999
realme,Narzo 20 Pro ,8,128,16999
realme,7i ,4,128,14999
realme,X3 SuperZoom ,8,128,27999
realme,Narzo 20A ,3,32,8499
realme,Narzo 20 ,4,64,10499
realme,Narzo 20 ,4,64,10499
realme,Narzo 20A ,4,64,9499
realme,Narzo 20 ,4,128,11499
realme,Narzo 10A ,4,64,9999
realme,Narzo 10 ,4,128,11999
realme,Narzo 10 ,4,128,11999
realme,Narzo 20 ,4,128,11499
realme,Narzo 20A ,4,64,9499
realme,C2 ,2,16,6499
realme,Narzo 20A ,3,32,8499
realme,6 Pro ,8,128,19999
realme,Narzo 10A ,3,32,8999
realme,6,6,128,15999
realme,Narzo 10A ,3,32,8999
realme,Narzo 10 ,4,128,11999
realme,6,4,64,13999
realme,U1 ,3,32,8285
realme,U1 ,3,32,8490
realme,6,8,128,16999
realme,X2 Pro ,8,128,31999
realme,6,4,64,13999
realme,U1 ,4,64,9999
realme,6 Pro ,6,64,17999
realme,1,6,128,12799
realme,U1 ,4,64,11990
realme,5s ,4,128,11999
realme,C3 ,4,64,10999
realme,X3 ,8,128,25999
realme,U1 ,3,64,11999
realme,2,4,64,11990
realme,1,4,64,9490
realme,6 Pro ,6,64,17999
realme,X2 ,4,64,17999
realme,X2 ,4,64,17999
realme,6 Pro ,8,128,19999
realme,C2 ,3,32,7499
realme,C2 ,3,32,7499
realme,C2 ,3,32,7499
realme,5i ,4,64,10999
realme,X2 ,6,128,19999
realme,6 Pro ,6,128,18999
realme,6 Pro ,6,128,18999
realme,X2 ,8,128,20999
realme,6 Pro ,8,128,19499
realme,6i ,4,64,12999
realme,6 Pro ,6,128,18999
realme,3,3,64,9499
realme,X3 ,6,128,24999
realme,X2 ,8,256,24999
realme,X2 ,6,128,19999
realme,X2 ,8,128,20999
realme,X2 ,6,128,19999
realme,X2 ,8,256,24999
realme,5i ,4,128,11999
realme,X2 Pro ,12,256,36999
realme,X2 Pro ,12,256,36999
realme,5i ,4,128,11999
realme,3,4,64,10499
realme,3,3,32,8499
realme,3,4,64,10499
realme,3,3,64,9499
realme,3,4,64,9499
realme,3,4,64,10499
realme,3,3,32,8499
realme,Narzo 10A ,4,64,9999
realme,X ,8,128,20999
realme,X ,8,128,20999
realme,X ,4,128,17999
realme,X2 Pro ,12,256,35999
realme,X2 Pro ,12,256,35999
realme,X2 Pro ,8,128,31999
realme,Narzo 50i ,4,64,8999
realme,Narzo 50i ,4,64,8999
realme,2,4,64,11990
realme,U1 ,3,64,9999
realme,X2 ,8,256,24999
realme,1,4,64,11490
realme,3,3,32,8499
realme,3,3,32,8499
realme,6i ,6,64,13999
realme,X ,8,128,21999
realme,X ,8,128,20999
realme,X ,8,128,20999
GIONEE,Max ,2,32,6299
GIONEE,Max ,2,32,6299
GIONEE,Max ,2,32,6299
GIONEE,Max Pro ,3,32,7299
GIONEE,Max Pro ,3,32,7299
GIONEE,Max Pro ,3,32,7299
GIONEE,F8 Neo ,2,32,6499
GIONEE,F103 Pro ,3,16,8999
GIONEE,F205 Pro ,2,16,6990
GIONEE,A1 ,4,64,21499
GIONEE,S11 Lite ,4,32,8750
GIONEE,S11 Lite ,4,32,8690
GIONEE,F8 Neo ,2,32,5499
GIONEE,F8 Neo ,2,32,5666
GIONEE,F11 ,3,32,6490
GIONEE,F11 ,3,32,6899
GIONEE,F10 Plus ,3,32,8590
GIONEE,F10 Plus ,3,32,8590
GIONEE,L800,0,0,2199
GIONEE,L800,0,0,2199
GIONEE,Pioneer P5W ,1,16,4150
GIONEE,S96,0,0,3150
GIONEE,L700,0,0,1890
GIONEE,P5L ,1,16,4290
GIONEE,Pioneer P3 ,0,4,2350
GIONEE,S96,0,0,2490
GIONEE,P5L ,1,16,3990
GIONEE,P5L ,1,16,5199
GIONEE,P2S ,0,4,2450
GIONEE,P5 Mini ,1,8,3490
GIONEE,P5 Mini ,1,8,3990
GIONEE,P5_W ,1,16,4190
GIONEE,L700,0,0,1099
GIONEE,F9 ,3,32,7900
GIONEE,F9 ,3,32,7900
GIONEE,S96,0,0,1099
GIONEE,P5_W ,1,16,4190
GIONEE,X-1 ,2,16,4650
GIONEE,F205 Pro ,2,16,6990
GIONEE,M5 Lite 4G ,3,32,7290
GIONEE,S11 Lite ,4,32,15490
GIONEE,F103 Pro ,3,16,5290
GIONEE,F103 Pro ,3,16,5290
GIONEE,P7 ,2,16,4750
GIONEE,P7 ,2,16,4450
GIONEE,P7 ,2,16,4990
GIONEE,P5_W ,1,16,2799
GIONEE,A1 Plus ,4,64,16499
GIONEE,A1 Plus ,4,64,10499
GIONEE,Pioneer P4 ,1,8,7150
GIONEE,Pioneer P3S ,1,16,4999
GIONEE,P5 Mini ,1,8,2999
GIONEE,X1s ,3,16,6475
GIONEE,F10 ,3,32,7990
GIONEE,F205 ,2,16,8479
GIONEE,F205 ,2,16,8479
GIONEE,A1 Lite ,3,32,11499
GIONEE,A1 Lite ,3,32,11499
GIONEE,F205 Pro ,2,16,6990
GIONEE,X1s ,3,16,6450
GIONEE,P2S ,0,4,2650
GIONEE,Elife S7 ,2,16,15999
GIONEE,Pioneer P4 ,1,8,4850
GIONEE,P5L ,1,16,3990
GIONEE,X-1 ,2,16,5149
GIONEE,Marathon M5 lite CDMA ,3,32,13649
GIONEE,Marathon ,2,16,11999
GIONEE,Marathon M3 ,1,8,9599
GIONEE,M7 Power ,4,64,15399
GIONEE,S10 Lite ,4,32,6399
GIONEE,S6S ,3,32,15999
GIONEE,M3 ,1,8,9599
GIONEE,S6S ,3,32,15999
GIONEE,S Plus ,3,16,7350
GIONEE,Elife E8 ,3,64,8990
GIONEE,F9 Plus ,3,32,9490
GIONEE,F9 Plus ,3,32,9490
GIONEE,M7 Power ,4,64,7899
GIONEE,Pioneer P4S ,1,8,3999
GIONEE,Marathon M5 Lite ,3,32,5990
GIONEE,M7 Power ,4,64,9250
GIONEE,F9 ,3,32,7900
GIONEE,P7 Max ,3,32,5999
GIONEE,A1 Plus ,4,64,10499
GIONEE,S Plus ,3,16,5555
GIONEE,A1 ,4,64,7675
GIONEE,A1 ,4,64,7899
GIONEE,M7 ,6,64,9290
GIONEE,P7 Max ,3,32,5950
GIONEE,F103 3GB Version ,3,16,6598
GIONEE,S6 ,3,32,7999
GIONEE,S6 Pro ,4,64,7997
GIONEE,F103 ,2,16,4489
GIONEE,S11 ,4,64,8539
GIONEE,S11 ,4,64,8389
GIONEE,V4S ,1,8,3499
GIONEE,S6 Pro ,4,32,8000
GIONEE,X1s ,3,16,6999
GIONEE,Marathon M5 Plus ,3,64,14999
GIONEE,F10 ,3,32,6660
GIONEE,Marathon M5 Plus ,3,64,8499
GIONEE,Ctrl V5 ,8,0,4790
GIONEE,P5L ,1,16,4899
GIONEE,F103 ,2,16,4599
GIONEE,P5 Mini ,1,8,3599
GIONEE,P5 Mini ,1,8,3599
GIONEE,M7 ,6,64,9964
GIONEE,P5L ,1,16,9199
GIONEE,M7 Power ,4,64,7999
GIONEE,P5 Mini ,1,8,3490
GIONEE,Marathon M5 Plus ,3,64,11999
GIONEE,G3 ,1,4,10990
GIONEE,P5_W ,1,16,2799
GIONEE,F103 3Gb Version ,3,16,7999
GIONEE,Elife E7 Mini ,1,16,9999
GIONEE,Ctrl V4S ,1,8,3999
GIONEE,M2 ,1,4,11500
GIONEE,Elife S5.1 ,1,16,9999
GIONEE,Pioneer P3S ,1,16,3990
GIONEE,Elife E3 ,1,16,6500
GIONEE,Elife E3 ,1,16,4200
GIONEE,Pioneer P4S ,1,8,3499
GIONEE,Pioneer P2 ,0,4,2290
GIONEE,Elife S7 ,2,16,15999
GIONEE,S6 ,3,32,7999
GIONEE,S Plus ,3,16,8950
GIONEE,Pioneer P6 ,1,8,4150
GIONEE,Pioneer P2 ,0,4,3490
GIONEE,S6 ,3,32,6600
Nokia,105 DS 2020,0,0,1349
Nokia,TA-1010/105,0,0,1340
Nokia,TA-1010/105,0,0,1332
Nokia,105,0,0,1344
Nokia,105 DS 2020,0,0,1399
Nokia,110 TA-1302 DS,0,0,1695
Nokia,216 DS,0,0,2875
Nokia,150 DS 2020,0,0,2440
Nokia,110 TA-1302 DS,0,0,1680
Nokia,110 4G,0,0,2997
Nokia,110 4G,0,0,2999
Nokia,150 TA-1235 DS,0,0,2480
Nokia,105 DS 2020,0,0,1490
Nokia,6310,0,0,4199
Nokia,105 SS 2021,0,0,1349
Nokia,6310,0,0,4049
Nokia,C01 Plus ,2,16,6499
Nokia,125 DS,0,0,2249
Nokia,5310ds,0,0,3429
Nokia,110 4G,0,0,3075
Nokia,3.4,4,64,11999
Nokia,125 TA-1253 DS,0,0,2142
Nokia,150 DS 2020,0,0,2533
Nokia,110 TA-1302 DS,0,0,1680
Nokia,C20 Plus ,3,32,9999
Nokia,C01 Plus ,2,16,6499
Nokia,6310,0,0,4049
Nokia,G20 ,4,64,13549
Nokia,5.4,6,64,14499
Nokia,TA-1174 / TA-1299,0,0,1149
Nokia,2.4,3,64,10399
Nokia,C3 ,2,16,7290
Nokia,C20 Plus ,2,32,8999
Nokia,C20 Plus ,3,32,9999
Nokia,G10 ,4,64,12149
Nokia,G10 ,4,64,12149
Nokia,125 DS 2020,0,0,2349
Nokia,C20 Plus ,2,32,8999
Nokia,5310 TA-1212 DS,0,0,3740
Nokia,C3 ,3,32,9999
Nokia,3.4,4,64,11999
Nokia,6310,0,0,4400
Nokia,3.4,4,64,11999
Nokia,216 DS 2020,0,0,2499
Nokia,215 4G DS 2020,0,0,3162
Nokia,225 4g ds,0,0,3896
Nokia,225 4G DS 2020,0,0,4399
Nokia,216 DS 2020,0,0,2450
Nokia,C01 Plus ,2,16,6499
Nokia,5.4,6,64,14499
Nokia,2.3,2,32,9999
Nokia,215 4G DS,0,0,3220
Nokia,9,6,128,56299
Nokia,5.4,4,64,12999
Nokia,5.4,4,64,12999
Nokia,105 SS 2021,0,0,1399
Nokia,2.4,3,64,10399
Nokia,2.4,3,64,10399
Nokia,C3 ,3,32,7499
Nokia,150,0,0,2000
Nokia,105 DS,0,0,1400
Nokia,130,0,0,1600
Nokia,130,0,0,1600
Nokia,108 Dual SIM,0,0,1900
Nokia,105 DS,0,0,1660
Nokia,C3 ,2,16,7299
Nokia,G20 ,4,64,14490
Nokia,150/150 DS,0,0,1500
Nokia,225 4G DS 2020,0,0,3899
Nokia,3.2,3,32,10499
Nokia,C01 Plus ,2,16,6499
Nokia,5.1 Plus ,3,32,13199
Nokia,130,0,0,1625
Nokia,Ta -1010/105,0,0,1000
Nokia,105,0,0,1000
Nokia,3.2,2,16,9999
Nokia,3.2,3,32,11999
Nokia,6.1,3,32,14927
Nokia,2.1,1,8,6500
Nokia,5,3,16,12499
Nokia,1,1,8,4800
Nokia,2.1,1,8,7739
Nokia,1,1,8,4672
Nokia,6.1,4,64,18300
Nokia,112,0,0,3100
Nokia,6,3,32,13999
Nokia,2,1,8,7007
Nokia,2.1,1,8,7712
Nokia,3.1,2,16,9999
Nokia,3.1,2,16,10000
Nokia,3,2,16,8588
Nokia,C01 Plus ,2,16,6499
Nokia,5.1,3,32,16300
Nokia,C01 Plus ,2,16,5999
Nokia,2.3,2,32,9999
Nokia,2.3,2,32,9999
Nokia,108 Dual SIM,0,0,2149
Nokia,215 4G DS 2020,0,0,3599
Nokia,150/150 DS,0,0,2540
Nokia,2.3,2,32,8449
Nokia,220,0,0,2999
Nokia,2.2,2,16,8599
Nokia,6.1,3,32,17979
Nokia,5,3,16,15299
Nokia,Lumia 920 ,1,32,40699
Nokia,3.1 Plus ,3,32,7088
Nokia,3.1 Plus ,3,32,10440
Nokia,110,0,0,1599
Nokia,2.2,3,32,9599
Nokia,6.1,3,32,17979
Nokia,106,0,0,1560
Nokia,2.2,3,32,9599
Nokia,8110,0,4,3400
Nokia,C01 Plus ,2,16,6499
Nokia,3.2,3,32,12399
Nokia,2,1,8,6295
Nokia,5.1 Plus ,3,32,13199
Nokia,6.1,4,32,12999
Nokia,6.1,4,32,17000
Nokia,3,2,16,10899
Nokia,3,2,16,5290
Nokia,3.1 Plus ,3,32,7399
Nokia,8 Sirocco ,6,128,29990
Nokia,5,3,16,16199
Nokia,RM-1172 / Nokia 230 DS,0,0,4196
Nokia,6,3,32,7999
Nokia,6.1,4,32,9500
Nokia,5.3,6,64,12999
Nokia,5.3,6,64,12999
Nokia,Lumia 625 ,0,8,17599
Nokia,3.1,3,32,6990
Nokia,3.1,3,32,7490
Nokia,6.1 Plus ,6,64,11990
Nokia,Asha 311 ,0,0,5999
Nokia,8.1,4,64,28831
Nokia,7.2,4,64,19999
Nokia,7.2,6,64,20999
Nokia,C01 Plus ,2,16,6499
Nokia,7.2,6,64,20999
Nokia,7.2,6,64,20999
Nokia,7.2,4,64,19999
Nokia,7.2,4,64,19999
Nokia,8110,0,4,3000
Nokia,5,3,16,7139
Nokia,5.1,3,32,7890
Nokia,5.3,4,64,10999
Nokia,7.1,4,64,11199
Nokia,5,2,16,6741
Nokia,5,2,16,6400
Nokia,5,2,16,6999
Nokia,3.2,2,16,10199
Nokia,8.1,6,128,22999
Nokia,8110 4G,0,4,6699
Nokia,X2 Dual SIM ,1,4,9999
Nokia,6.1 Plus ,4,64,18599
Nokia,2.2,2,16,8599
Nokia,5.3,4,64,11989
Nokia,5.1 Plus ,3,32,13199
Nokia,5.1 Plus ,4,64,9990
Nokia,Lumia 510 ,0,4,10999
Nokia,C01 Plus ,2,16,6499
Nokia,7 Plus ,4,64,15999
Nokia,6,4,64,19499
Nokia,6.1 Plus ,6,64,11490
Nokia,5.3,6,64,12999
Nokia,Asha 206,0,0,4300
Nokia,5.1 Plus ,4,64,9975
Nokia,6.2,4,64,13790
Nokia,4.2,3,32,13699
Nokia,7.1,4,64,12998
Nokia,8,4,64,36999
Nokia,8,4,64,39000
Nokia,3,2,16,5499
Nokia,5.1,3,32,7899
Nokia,6.1 Plus ,4,64,18599
Nokia,5,2,16,6999
Nokia,5.1 Plus ,6,64,14999
Nokia,6.1,4,64,12499
Nokia,8,4,64,36999
Nokia,8,4,64,36999
Nokia,C01 Plus ,2,16,6499
Nokia,3.1 Plus ,3,32,8299
Nokia,6.2,4,64,12849
Nokia,Asha 206,0,0,2790
Nokia,5.3,4,64,10999
Nokia,8.1,6,128,21999
Nokia,XPlus ,1,4,7990
Nokia,8,4,64,29490
Nokia,6310,0,0,4189
Nokia,6310,0,0,4189
Nokia,6310,0,0,4189
Nokia,6310,0,0,4189
Nokia,6,3,32,13990
Nokia,5.1 Plus ,6,64,9900
Nokia,515,0,0,8999
Nokia,7 Plus ,4,64,12000
Apple,iPhone SE ,2,64,32999
Apple,iPhone SE ,2,64,32999
Apple,iPhone SE ,2,64,32999
Apple,iPhone XR ,3,64,42999
Apple,iPhone 12 Mini ,4,128,61999
Apple,iPhone XR ,3,128,47999
Apple,iPhone 12 Mini ,4,128,61999
Apple,iPhone 13 Pro ,6,256,129900
Apple,iPhone XR ,3,128,47999
Apple,iPhone SE ,2,128,44900
Apple,iPhone SE ,2,128,44900
Apple,iPhone 11 ,4,64,49900
Apple,iPhone 12 ,4,128,68999
Apple,iPhone SE ,2,128,44900
Apple,iPhone 12 ,4,256,78999
Apple,iPhone 12 ,4,128,68999
Apple,iPhone 12 ,4,64,63999
Apple,iPhone 12 Mini ,4,64,56999
Apple,iPhone 12 Mini ,4,128,61999
Apple,iPhone 12 ,4,256,78999
Apple,iPhone XR ,3,128,47999
Apple,iPhone 12 ,4,128,68999
Apple,iPhone 12 Mini ,4,128,61999
Apple,iPhone 12 Mini ,4,64,56999
Apple,iPhone 12 Mini ,4,64,56999
Apple,iPhone 13 ,4,256,89900
Apple,iPhone XR ,3,128,47999
Apple,iPhone 11 ,4,128,54900
Apple,iPhone 12 Mini ,4,128,61999
Apple,iPhone 12 Mini ,4,64,56999
Apple,iPhone 11 ,4,128,54900
Apple,iPhone SE ,2,256,54900
Apple,iPhone 12 Mini ,4,64,56999
Apple,iPhone XR ,3,128,47999
Apple,iPhone 13 Mini ,4,256,79900
Apple,iPhone 11 ,4,64,49900
Apple,iPhone 11 ,4,64,49900
Apple,iPhone 12 ,4,128,68999
Apple,iPhone 11 ,4,64,49900
Apple,iPhone 12 ,4,64,63999
Apple,iPhone 12 ,4,128,68999
Apple,iPhone 12 Mini ,4,256,71999
Apple,iPhone XR ,3,64,42999
Apple,iPhone XR ,3,64,42999
Apple,iPhone 13 ,4,256,89900
Apple,iPhone XR ,3,128,47999
Apple,iPhone XR ,3,64,42999
Apple,iPhone 12 ,4,256,78999
Apple,iPhone 12 ,4,64,63999
Apple,iPhone 12 Mini ,4,256,71999
Apple,iPhone 11 ,4,128,54900
Apple,iPhone 12 Mini ,4,64,56999
Apple,iPhone 13 Mini ,4,128,69900
Apple,iPhone 12 ,4,64,63999
Apple,iPhone SE ,2,256,54900
Apple,iPhone 12 Mini ,4,128,61999
Apple,iPhone 12 ,4,256,78999
Apple,iPhone XR ,3,128,47999
Apple,iPhone 12 Pro ,6,256,119900
Apple,iPhone 12 Mini ,4,256,71999
Apple,iPhone 12 ,4,64,63999
Apple,iPhone 12 Mini ,4,256,71999
Apple,iPhone 11 Pro Max ,4,64,117100
Apple,iPhone 13 ,4,512,109900
Apple,iPhone XR ,3,64,42999
Apple,iPhone 12 Pro ,6,128,109900
Apple,iPhone 12 Pro ,6,512,139900
Apple,iPhone 12 Mini ,4,256,71999
Apple,iPhone 13 Mini ,4,256,79900
Apple,iPhone XR ,3,64,42999
Apple,iPhone 13 ,4,128,79900
Apple,iPhone 11 Pro Max ,4,64,117100
Apple,iPhone 12 Mini ,4,256,71999
Apple,iPhone SE ,2,256,54900
Apple,iPhone 12 Pro ,6,128,109900
Apple,iPhone 12 Pro ,6,128,109900
Apple,iPhone 13 ,4,512,109900
Apple,iPhone 13 ,4,512,109900
Apple,iPhone 8 Plus ,3,256,59900
Apple,iPhone 12 Pro ,6,256,119900
Apple,iPhone 12 Pro ,6,512,139900
Apple,iPhone 11 ,4,128,54900
Apple,iPhone 11 Pro Max ,4,64,117100
Apple,iPhone 13 ,4,512,109900
Apple,iPhone 11 Pro ,4,512,140300
Apple,iPhone 13 Mini ,4,128,69900
Apple,iPhone 11 ,4,64,49900
Apple,iPhone 8 Plus ,3,64,49900
Apple,iPhone 13 Mini ,4,256,79900
Apple,iPhone 13 Mini ,4,256,79900
Apple,iPhone 13 Mini ,4,128,69900
Apple,iPhone XS ,4,512,134900
Apple,iPhone 8 ,2,64,38999
Apple,iPhone 8 Plus ,3,64,49900
Apple,iPhone 8 Plus ,3,256,84900
Apple,iPhone 12 ,4,256,78999
Apple,iPhone 12 Pro ,6,256,119900
Apple,iPhone 13 Pro Max ,6,256,139900
Apple,iPhone 13 Pro Max ,6,128,129900
Apple,iPhone 8 Plus ,3,256,84900
Apple,iPhone 13 Mini ,4,256,79900
Apple,iPhone SE ,2,256,54900
Apple,iPhone 8 Plus ,3,64,49900
Apple,iPhone XS ,4,512,134900
Apple,iPhone 8 ,2,256,77000
Apple,iPhone 13 Pro Max ,6,256,139900
Apple,iPhone 12 Pro ,6,256,119900
Apple,iPhone 12 Pro ,6,512,139900
Apple,iPhone 12 Pro ,6,128,109900
Apple,iPhone 13 Pro Max ,6,128,129900
Apple,iPhone 11 Pro ,4,512,140300
Apple,iPhone 11 Pro Max ,4,256,131900
Apple,iPhone XR ,3,64,42999
Apple,iPhone 11 Pro ,4,512,140300
Apple,iPhone 8 ,2,64,38999
Apple,iPhone 11 Pro ,4,256,79999
Apple,iPhone 11 ,4,64,54900
Apple,iPhone 6 Plus ,1,16,39999
Apple,iPhone XS Max ,4,512,144900
Apple,iPhone 7 Plus ,3,256,85400
Apple,iPhone 6s ,2,32,25299
Apple,iPhone 11 Pro ,4,256,79999
Apple,iPhone 11 Pro ,4,256,79999
Apple,iPhone 11 Pro ,4,512,140300
Apple,iPhone 7 ,2,32,24999
Apple,iPhone XS ,4,256,76999
Apple,iPhone XS ,4,64,62999
Apple,iPhone 11 Pro ,4,256,79999
Apple,iPhone 7 ,2,32,24999
Apple,iPhone 7 Plus ,3,32,36999
Apple,iPhone 8 Plus ,3,256,84900
Apple,iPhone 11 Pro ,4,256,121300
Apple,iPhone 7 ,2,256,74400
Apple,iPhone 7 ,2,128,34900
Apple,iPhone 6 ,1,64,62500
Apple,iPhone 13 Mini ,6,512,99900
Apple,iPhone 6s ,2,32,25299
Apple,iPhone 7 ,2,32,24999
Apple,iPhone XS ,4,256,76999
Apple,iPhone 7 Plus ,3,128,42900
Apple,iPhone 7 Plus ,3,32,36999
Apple,iPhone 11 Pro ,4,256,121300
Apple,iPhone 6s ,2,32,31999
Apple,iPhone 7 ,2,32,24999
Apple,iPhone 11 Pro Max ,4,256,131900
Apple,iPhone SE ,2,64,32999
Apple,iPhone XR ,3,128,47999
Apple,iPhone 11 ,4,64,49900
Apple,iPhone 13 Pro ,6,256,129900
Apple,iPhone 11 ,4,64,49900
Apple,iPhone 13 Pro ,6,512,149900
Apple,iPhone SE ,2,128,44900
Apple,iPhone 11 ,4,128,54900
Apple,iPhone 11 ,4,256,64900
Apple,iPhone SE ,2,256,54900
Apple,iPhone 12 ,4,64,63999
Apple,iPhone XR ,3,64,42999
Apple,iPhone XR ,3,64,42999
Apple,iPhone SE ,2,64,32999
Apple,iPhone 13 Pro ,6,128,119900
Apple,iPhone 11 ,4,64,49900
Apple,iPhone SE ,2,128,44900
Apple,iPhone 11 ,4,256,64900
Apple,iPhone 11 ,4,256,64900
Apple,iPhone 11 ,4,256,64900
Apple,iPhone 13 Pro ,6,128,119900
Apple,iPhone SE ,2,128,44900
Apple,iPhone 11 ,4,256,64900
Apple,iPhone 12 ,4,128,68999
Apple,iPhone 11 ,4,128,54900
Apple,iPhone XR ,3,64,42999
Apple,iPhone 13 Pro Max ,6,128,129900
Apple,iPhone 11 ,4,256,64900
Apple,iPhone XR ,3,64,42999
Apple,iPhone 11 ,4,128,54900
Apple,iPhone 11 ,4,256,64900
Apple,iPhone 11 Pro Max ,4,256,131900
Apple,iPhone 13 Pro Max ,6,512,159900
Apple,iPhone 13 ,4,512,109900
Apple,iPhone 8 ,2,256,81500
Apple,iPhone XR ,3,256,91900
Apple,iPhone 11 ,4,256,64900
Apple,iPhone XR ,3,256,91900
Apple,iPhone 11 ,4,128,54900
Apple,iPhone 11 ,4,256,64900
Apple,iPhone 11 Pro Max ,4,256,131900
Apple,iPhone XS Max ,4,64,73999
Apple,iPhone XR ,3,256,91900
Apple,iPhone XR ,3,256,91900
Apple,iPhone 11 ,4,128,54900
Apple,iPhone SE ,2,256,54900
Apple,iPhone 12 ,4,256,78999
Apple,iPhone 11 ,4,64,49900
Apple,iPhone 6 ,1,64,44999
Apple,iPhone 11 Pro Max ,4,64,117100
Apple,iPhone 13 Mini ,6,512,99900
Apple,iPhone 11 ,4,256,64900
Apple,iPhone 11 ,4,256,64900
Apple,iPhone 6 Plus ,1,128,48999
Apple,iPhone 11 Pro ,4,512,140300
Apple,iPhone 13 Pro Max ,6,128,129900
Apple,iPhone 11 Pro Max ,4,256,131900
Apple,iPhone 6s Plus ,2,16,49999
Apple,iPhone XR ,3,64,42999
Apple,iPhone 11 Pro ,4,512,140300
Apple,iPhone 13 Pro Max ,6,256,139900
Apple,iPhone 8 ,2,64,38999
Apple,iPhone 11 Pro ,4,64,79999
Apple,iPhone 11 ,4,128,54900
Apple,iPhone 6 Plus ,1,16,39999
Apple,iPhone XS Max ,4,512,144900
Apple,iPhone 7 Plus ,3,256,85400
Apple,iPhone 6s ,2,32,25299
Apple,iPhone 11 Pro ,4,64,79999
Apple,iPhone 11 Pro ,4,64,79999
Apple,iPhone 11 Pro ,4,512,140300
Apple,iPhone 7 ,2,32,24999
Apple,iPhone XS ,4,256,76999
Apple,iPhone XS ,4,64,62999
Apple,iPhone 11 Pro ,4,64,79999
Apple,iPhone 7 ,2,32,24999
Apple,iPhone 6s Plus ,2,32,34900
Apple,iPhone 7 Plus ,3,32,36999
Apple,iPhone 8 Plus ,3,256,84900
Apple,iPhone 11 Pro ,4,256,121300
Apple,iPhone 7 ,2,256,74400
Apple,iPhone 7 ,2,128,34900
Apple,iPhone 6 ,1,64,62500
Apple,iPhone 13 Mini ,6,512,99900
Apple,iPhone 6s ,2,32,25299
Apple,iPhone 7 ,2,32,24999
Apple,iPhone XS ,4,256,76999
Apple,iPhone 7 Plus ,3,128,42900
Apple,iPhone 7 Plus ,3,32,36999
Apple,iPhone 11 Pro ,4,256,121300
Apple,iPhone 6s ,2,16,31999
Apple,iPhone 7 ,2,32,24999
Apple,iPhone 11 Pro Max ,4,256,131900
Apple,iPhone 6s ,2,32,25299
Apple,iPhone 6s ,2,32,25299
Apple,iPhone XR ,3,256,91900
Apple,iPhone 6 ,1,16,36990
Apple,iPhone 6 ,1,128,49999
Apple,iPhone XR ,3,256,91900
Apple,iPhone XR ,3,128,47999
Apple,iPhone 7 ,2,32,24999
Apple,iPhone 11 Pro Max ,4,512,150800
Apple,iPhone 6s Plus ,2,128,70000
Apple,iPhone 7 Plus ,3,256,85400
Apple,iPhone 7 ,2,128,34900
Apple,iPhone 6s ,2,64,49999
Apple,iPhone 7 Plus ,3,256,85400
Apple,iPhone 11 ,4,128,54900
Apple,iPhone 6s ,2,128,55999
Apple,iPhone 11 Pro Max ,4,512,150800
Apple,iPhone 6 ,1,16,36499
Apple,iPhone 6s Plus ,2,16,49999
Apple,iPhone 8 Plus ,3,64,49900
Apple,iPhone 13 Pro ,6,512,149900
Apple,iPhone 6s ,2,16,41999
Apple,iPhone 6s Plus ,2,16,49999
Apple,iPhone 6 ,1,128,71500
Apple,iPhone 13 Pro Max ,6,512,159900
Apple,iPhone 11 Pro Max ,4,512,150800
Apple,iPhone 13 Pro Max ,6,512,159900
Apple,iPhone 13 Pro ,6,512,149900
Apple,iPhone 6s Plus ,2,64,59999
Apple,iPhone 6s Plus ,2,64,59999
Apple,iPhone 13 Pro Max ,6,512,159900
Apple,iPhone 6s ,2,64,49999
Apple,iPhone XS Max ,4,512,144900
Apple,iPhone X ,3,64,91900
Apple,iPhone 7 Plus ,3,128,42900
Apple,iPhone XS ,4,512,134900
Apple,iPhone 6 ,1,32,30780
Apple,iPhone 6 ,1,32,30780
Apple,iPhone 13 Mini ,6,512,99900
Apple,iPhone 6 ,1,128,71500
Apple,iPhone 6s Plus ,2,64,59999
Apple,iPhone 6s Plus ,2,32,34900
Apple,iPhone 7 Plus ,3,256,85400
Apple,iPhone 6 ,1,16,52000
Apple,iPhone 7 Plus ,3,32,36999
Apple,iPhone 6s ,2,16,62000
Apple,iPhone 8 ,2,64,38999
Apple,iPhone 7 Plus ,3,256,85400
Apple,iPhone XS Max ,4,64,73999
Apple,iPhone 13 Mini ,6,512,99900
Apple,iPhone XS Max ,4,64,73999
Apple,iPhone 6s Plus ,2,32,34900
Apple,iPhone 6 Plus ,1,64,48999
Apple,iPhone XS ,4,256,76999
Apple,iPhone 6 Plus ,1,64,48999
Apple,iPhone XS ,4,64,62999
Apple,iPhone 7 Plus ,3,128,42900
Apple,iPhone 7 Plus ,3,128,42900
Apple,iPhone 7 Plus ,3,256,85400
Apple,iPhone 7 ,2,128,34900
Apple,iPhone 6s ,2,128,55999
Apple,iPhone 6s Plus ,2,32,34900
Apple,iPhone 11 Pro ,4,256,121300
Apple,iPhone 7 Plus ,3,128,42900
Apple,iPhone 13 Mini ,6,512,99900
Apple,iPhone 7 ,2,128,34900
Apple,iPhone XS ,4,64,62999
Apple,iPhone XS ,4,64,62999
Apple,iPhone 13 Pro ,6,512,149900
Apple,iPhone XS Max ,4,256,78999
Apple,iPhone 7 ,2,128,34900
Apple,iPhone 11 Pro ,4,256,99900
Apple,iPhone 7 Plus ,3,128,42900
Apple,iPhone 6s Plus ,2,64,59999
Apple,iPhone XS Max ,4,256,78999
Apple,iPhone XS Max ,4,512,144900
Apple,iPhone 7 ,2,256,74400
Apple,iPhone 6 Plus ,1,16,40999
Apple,iPhone 7 ,2,256,74400
Apple,iPhone XS Max ,4,256,78999
Apple,iPhone 7 ,2,256,74400
Apple,iPhone X ,3,256,106900
Apple,iPhone 7 ,2,256,74400
Apple,iPhone 6s ,2,64,72000
Apple,iPhone 6s Plus ,2,128,70000
Apple,iPhone 11 ,4,64,49900
Apple,iPhone 6 Plus ,1,128,80500
Apple,iPhone 6 Plus ,1,64,71500
Apple,iPhone 11 ,4,64,49900
Apple,iPhone 6 ,1,64,62000
Apple,iPhone X ,3,256,106900
Apple,iPhone 11 ,4,128,54900
Apple,iPhone 6s ,2,64,49999
Apple,iPhone 11 ,4,256,64900
Apple,iPhone 6s ,2,128,55999
Apple,iPhone 6s Plus ,2,16,72000
Apple,iPhone 7 Plus ,3,32,36999
Apple,iPhone 6s ,2,16,41999
Apple,iPhone X ,3,64,91900
Apple,iPhone 6s,2,32,29900
SAMSUNG,Galaxy F22 ,6,128,14999
SAMSUNG,Galaxy F22 ,4,64,12999
SAMSUNG,Galaxy F22 ,6,128,14999
SAMSUNG,Galaxy F22 ,4,64,12999
SAMSUNG,Galaxy F12 ,4,64,11499
SAMSUNG,Galaxy F12 ,4,64,11499
SAMSUNG,M31s ,8,128,20949
SAMSUNG,M02s ,3,32,9539
SAMSUNG,Galaxy F12 ,4,64,11499
SAMSUNG,Galaxy M02 ,2,32,8299
SAMSUNG,Galaxy A12 ,4,64,15999
SAMSUNG,Galaxy A22 ,6,128,18499
SAMSUNG,Galaxy F12 ,4,128,12499
SAMSUNG,Galaxy A22 5G ,6,128,19818
SAMSUNG,Galaxy M12 ,4,64,11510
SAMSUNG,M31 ,6,128,17845
SAMSUNG,M02s ,3,32,9639
SAMSUNG,Galaxy A12 ,4,64,11989
SAMSUNG,Galaxy M02 ,3,32,8850
SAMSUNG,Galaxy A12 ,4,64,12144
SAMSUNG,Galaxy F12 ,4,128,12499
SAMSUNG,M21 2021 Edition ,4,64,13224
SAMSUNG,Galaxy F12 ,4,128,12499
SAMSUNG,Galaxy A22 5G ,8,128,23596
SAMSUNG,Galaxy A21s ,6,64,14839
SAMSUNG,GALAXY M31S ,8,128,19330
SAMSUNG,Galaxy A12 ,4,64,15999
SAMSUNG,M32 5G ,6,128,21499
SAMSUNG,Galaxy M02 ,2,32,8229
SAMSUNG,Galaxy A12 ,6,128,14999
SAMSUNG,Metro 313 Dual Sim,0,0,2340
SAMSUNG,Galaxy M02 ,3,32,8897
SAMSUNG,Galaxy M31 ,6,64,16299
SAMSUNG,Galaxy A21s ,6,128,17499
SAMSUNG,Galaxy A22 5G ,8,128,21999
SAMSUNG,Galaxy Z Flip3 5G ,8,256,88999
SAMSUNG,Galaxy M01 ,3,32,9990
SAMSUNG,Galaxy A03s ,4,64,12499
SAMSUNG,Galaxy F02s ,3,32,9499
SAMSUNG,Galaxy A72 ,8,128,34999
SAMSUNG,Galaxy M31s ,6,128,19725
SAMSUNG,Galaxy M31 ,8,128,18654
SAMSUNG,Galaxy M32 ,4,64,14690
SAMSUNG,Galaxy A51 ,8,128,22499
SAMSUNG,Galaxy A12 ,6,128,14999
SAMSUNG,Galaxy Z Flip3 5G ,8,128,84999
SAMSUNG,Galaxy M32 ,4,64,14749
SAMSUNG,Galaxy M12 ,6,128,14490
SAMSUNG,Galaxy Z Flip3 5G ,8,128,84999
SAMSUNG,Galaxy A22 5G ,6,128,19979
SAMSUNG,Galaxy F62 ,6,128,23999
SAMSUNG,Galaxy A12 ,6,128,15843
SAMSUNG,Galaxy A52s 5G ,8,128,37499
SAMSUNG,Galaxy A22 ,6,128,17578
SAMSUNG,Galaxy M21 2021 Edition ,4,64,13899
SAMSUNG,Galaxy M11 ,4,64,11299
SAMSUNG,M32 5G ,6,128,21999
SAMSUNG,Galaxy A52s 5G ,8,128,37499
SAMSUNG,Galaxy F62 ,6,128,23999
SAMSUNG,Galaxy M02 ,2,32,8289
SAMSUNG,Galaxy A21s ,6,128,17499
SAMSUNG,Galaxy A21s ,6,128,17499
SAMSUNG,Galaxy S10 Lite ,8,512,49999
SAMSUNG,Galaxy F41 ,6,64,15999
SAMSUNG,Galaxy F62 ,6,128,23999
SAMSUNG,Galaxy A12 ,6,128,16499
SAMSUNG,Galaxy A52 ,6,128,27499
SAMSUNG,Galaxy A12 ,6,128,14999
SAMSUNG,Galaxy M11 ,3,32,11744
SAMSUNG,Galaxy A22 ,6,128,18499
SAMSUNG,Galaxy A32 ,6,128,21700
SAMSUNG,Galaxy A52 ,6,128,27499
SAMSUNG,Galaxy A32 ,6,128,21700
SAMSUNG,Galaxy A12 ,6,128,14999
SAMSUNG,Galaxy A22 ,6,128,18499
SAMSUNG,S20 FE 5G ,8,128,49990
SAMSUNG,Galaxy M31s ,6,128,19178
SAMSUNG,Galaxy A03s ,3,32,11499
SAMSUNG,Galaxy F02s ,4,64,10499
SAMSUNG,Galaxy A21s ,6,64,15199
SAMSUNG,Galaxy A03s ,4,64,12499
SAMSUNG,Galaxy S10 ,8,512,92000
SAMSUNG,Galaxy A21s ,4,64,14999
SAMSUNG,Galaxy M31 ,6,64,16999
SAMSUNG,Galaxy A12 ,6,128,16499
SAMSUNG,Galaxy M11 ,4,64,11699
SAMSUNG,M01 core ,1,16,7399
SAMSUNG,Galaxy A12 ,6,128,15989
SAMSUNG,Galaxy A52s 5G ,8,128,37499
SAMSUNG,GALAXY M51 ,6,128,24990
SAMSUNG,Galaxy M31 ,8,128,19990
SAMSUNG,Galaxy A21s ,4,64,14999
SAMSUNG,Galaxy Note 20 ,8,256,77999
SAMSUNG,Galaxy A52 ,8,128,28999
SAMSUNG,Galaxy A12 ,6,128,15271
SAMSUNG,Galaxy Note10 Lite ,6,128,39990
SAMSUNG,Galaxy M11 ,3,32,11745
SAMSUNG,Galaxy A71 ,8,128,27499
SAMSUNG,Galaxy M12 ,4,64,11290
SAMSUNG,Galaxy A70s ,8,128,30500
SAMSUNG,Metro 313 Dual Sim,0,0,2025
SAMSUNG,Galaxy A12 ,4,64,15999
SAMSUNG,M01 core ,2,32,5999
SAMSUNG,Galaxy M12 ,4,64,11730
SAMSUNG,Galaxy Z Fold3 5G ,12,512,157999
SAMSUNG,M31s ,8,128,21950
SAMSUNG,Galaxy M31 ,6,128,17989
SAMSUNG,Galaxy A22 5G ,6,128,20696
SAMSUNG,Galaxy A22 5G ,8,128,22450
SAMSUNG,Galaxy M32 5G ,8,128,24999
SAMSUNG,Guru GT,0,0,1549
SAMSUNG,M02s ,4,64,10398
SAMSUNG,Galaxy M11 ,3,32,11745
SAMSUNG,Galaxy M12 ,4,64,11730
SAMSUNG,Galaxy Z Fold3 5G ,12,512,157999
SAMSUNG,Galaxy M32 ,4,64,15399
SAMSUNG,Galaxy M11 ,3,32,11745
SAMSUNG,Guru FM Plus,0,0,1450
SAMSUNG,M01 core ,2,32,5999
SAMSUNG,Galaxy A50s ,4,128,14999
SAMSUNG,Guru Plus B110,0,0,1700
SAMSUNG,Galaxy S9 Plus ,6,64,70000
SAMSUNG,Metro 313,0,0,2599
SAMSUNG,Galaxy F02s ,3,32,9499
SAMSUNG,Galaxy M32 ,4,64,15490
SAMSUNG,Galaxy A6 ,4,64,13999
SAMSUNG,Galaxy M31 ,6,128,17888
SAMSUNG,Galaxy A6+ ,4,64,25600
SAMSUNG,Galaxy On7 ,2,8,8490
SAMSUNG,Galaxy M12 ,6,128,13984
SAMSUNG,Galaxy A52s 5G ,6,128,35999
SAMSUNG,Galaxy F02s ,3,32,9499
SAMSUNG,Galaxy A70 ,6,128,30900
SAMSUNG,Galaxy A22 ,6,128,17575
SAMSUNG,Galaxy Note 20 ,8,256,54599
SAMSUNG,Galaxy A03s ,4,64,12499
SAMSUNG,Galaxy A50s ,4,128,14999
SAMSUNG,Galaxy A21s ,6,64,19999
SAMSUNG,Metro 313,0,0,2336
SAMSUNG,Galaxy A31 ,6,128,18999
SAMSUNG,Galaxy A21s ,4,64,17999
SAMSUNG,Galaxy A52 ,6,128,27810
SAMSUNG,Galaxy M11 ,4,64,12499
SAMSUNG,Metro 313,0,0,2299
SAMSUNG,M21 2021 Edition,6,128,14859
SAMSUNG,Galaxy A03s ,3,32,11499
SAMSUNG,M01 core ,1,16,4999
SAMSUNG,Galaxy A12 ,4,64,13999
SAMSUNG,Galaxy Z Fold3 5G ,12,256,149999
SAMSUNG,Metro 313,0,0,2399
SAMSUNG,Galaxy A6+ ,4,64,25999
SAMSUNG,Galaxy On7 ,2,8,8490
SAMSUNG,Galaxy A03s ,3,32,11499
SAMSUNG,Metro 313,0,0,2282
SAMSUNG,Galaxy Note 20 Ultra 5G ,12,256,91999
SAMSUNG,Galaxy M01s ,3,32,10999
SAMSUNG,Galaxy A20s ,4,64,14900
SAMSUNG,Galaxy J7 Prime ,3,32,16879
SAMSUNG,Galaxy Note 20 ,8,256,77999
SAMSUNG,Galaxy S20 FE ,8,128,49999
SAMSUNG,Galaxy A30s ,4,128,18199
SAMSUNG,Galaxy S20 FE ,8,128,49999
SAMSUNG,Galaxy A7 ,4,64,17990
SAMSUNG,Galaxy J2 Core ,1,8,6500
SAMSUNG,Galaxy J6 ,3,32,12990
SAMSUNG,Galaxy J6 ,4,64,14990
SAMSUNG,Galaxy A70s ,8,128,30500
SAMSUNG,Galaxy A20 ,3,32,12900
SAMSUNG,Metro 313,0,0,2050
SAMSUNG,Galaxy A10s ,3,32,11000
SAMSUNG,Galaxy J6 ,4,64,14990
SAMSUNG,Galaxy M02 ,3,32,8892
SAMSUNG,Galaxy M21 ,4,64,15990
SAMSUNG,Galaxy J2 2018 ,2,16,7500
SAMSUNG,Galaxy J7 Nxt ,3,32,14995
SAMSUNG,Galaxy M30 ,4,64,13995
SAMSUNG,Galaxy J7 Nxt ,3,32,12000
SAMSUNG,Galaxy M42 ,8,128,29998
SAMSUNG,Galaxy J7 Duo ,4,32,17962
SAMSUNG,Galaxy J7 Duo ,4,32,17962
SAMSUNG,Galaxy J2 2018 ,2,16,7999
SAMSUNG,Galaxy A20 ,3,32,11490
SAMSUNG,Galaxy J2 Core ,1,8,6500
SAMSUNG,Galaxy A9 ,8,128,30990
SAMSUNG,Galaxy A12 ,6,128,16499
SAMSUNG,Galaxy J6 Plus ,4,64,14000
SAMSUNG,Galaxy J6 Plus ,4,64,13600
SAMSUNG,Metro 313 Dual Sim,0,0,2290
SAMSUNG,Galaxy Fold 2 ,12,256,149999
SAMSUNG,M01 core ,1,16,4999
SAMSUNG,Galaxy J7 - 6 New 2016 Edition) ,2,16,15299
SAMSUNG,Galaxy S20 Ultra ,12,128,103000
SAMSUNG,Galaxy A20 ,3,32,12900
SAMSUNG,Galaxy Note 20 Ultra 5G ,12,256,91999
SAMSUNG,Galaxy Note 9 ,8,512,59999
SAMSUNG,Galaxy A10 ,2,32,8700
SAMSUNG,Metro B313E Dual Sim - White,0,0,2299
SAMSUNG,Galaxy J2 Core ,1,8,6200
SAMSUNG,Galaxy M40 ,6,128,19999
SAMSUNG,Galaxy J2 ,1,8,6799
SAMSUNG,Galaxy A50 ,6,64,24000
SAMSUNG,B350,0,0,3000
SAMSUNG,Galaxy A50 ,6,64,21990
SAMSUNG,Galaxy J2-2017 ,1,8,6000
SAMSUNG,Galaxy J7 Nxt ,2,16,10995
SAMSUNG,Galaxy Grand 2 ,2,8,15999
SAMSUNG,Galaxy A10 ,2,32,8700
SAMSUNG,Galaxy S10 Plus ,8,512,91900
SAMSUNG,Galaxy J4 ,3,32,10990
SAMSUNG,Galaxy A6 ,4,64,16990
SAMSUNG,Galaxy A30 ,4,64,18000
SAMSUNG,Galaxy J4 ,3,32,13023
SAMSUNG,Galaxy M51 ,8,128,27999
SAMSUNG,Galaxy A6 ,4,64,23748
SAMSUNG,Galaxy J2 2018 ,2,16,6799
SAMSUNG,Galaxy A10 ,2,32,7990
SAMSUNG,Galaxy J4 ,2,16,9500
SAMSUNG,Galaxy J5 Prime ,2,16,14500
SAMSUNG,Galaxy J7 Duo ,4,32,17889
SAMSUNG,Galaxy M01 ,3,32,8780
SAMSUNG,Galaxy S6 Edge ,3,32,44900
SAMSUNG,Galaxy M02 ,3,32,8083
SAMSUNG,Galaxy M02 ,2,32,7900
SAMSUNG,Galaxy A10s ,2,32,9840
SAMSUNG,Galaxy S21 Ultra ,12,256,105999
SAMSUNG,Galaxy J4 ,3,32,10990
SAMSUNG,Galaxy J6 ,3,32,12990
SAMSUNG,Galaxy J4 ,2,16,9500
SAMSUNG,Galaxy J4 ,2,16,8990
SAMSUNG,Galaxy A30 ,4,64,17500
SAMSUNG,Galaxy J7 Nxt ,2,16,11995
SAMSUNG,Galaxy J7 - 6 New 2016 Edition) ,2,16,13800
SAMSUNG,Galaxy S6 Edge ,3,32,37299
SAMSUNG,Galaxy J8 ,4,64,18990
SAMSUNG,Galaxy A7-2017 ,3,32,25900
SAMSUNG,Galaxy A6+ ,4,64,21990
SAMSUNG,Galaxy J6 Plus ,4,64,13600
SAMSUNG,Galaxy J5 Prime ,3,32,13500
SAMSUNG,Galaxy J4 Plus ,2,32,9499
SAMSUNG,Galaxy J6 ,4,64,9490
SAMSUNG,Galaxy A8 Plus ,6,64,29990
SAMSUNG,Galaxy J6 ,3,32,13500
SAMSUNG,Galaxy J8 ,4,64,19500
SAMSUNG,Galaxy J5 Prime ,2,16,14500
SAMSUNG,Galaxy J8 ,4,64,19500
SAMSUNG,Metro 350,0,0,3200
SAMSUNG,Galaxy M51 ,8,128,22999
SAMSUNG,Galaxy A31 ,6,128,16999
SAMSUNG,Galaxy F02s ,4,64,10499
SAMSUNG,Galaxy A22 5G ,8,128,22450
SAMSUNG,Galaxy F62 ,8,128,25999
SAMSUNG,Galaxy F41 ,6,128,14499
SAMSUNG,Galaxy A80 ,8,128,28490
SAMSUNG,Galaxy F41 ,6,128,14499
SAMSUNG,Galaxy F41 ,6,64,15999
SAMSUNG,Galaxy M32 5G ,8,128,24998
SAMSUNG,M02s ,4,64,9999
SAMSUNG,Galaxy A52 ,8,128,28999
SAMSUNG,Galaxy M32 5G ,8,128,24999
SAMSUNG,Galaxy A72 ,8,128,34999
SAMSUNG,Galaxy F41 ,6,128,14499
SAMSUNG,Galaxy M32 ,6,128,16980
SAMSUNG,Galaxy A72 ,8,128,34999
SAMSUNG,Galaxy M30s ,4,64,14990
SAMSUNG,Galaxy A20s ,3,32,11599
SAMSUNG,Galaxy A52s 5G ,6,128,35999
SAMSUNG,Galaxy A22 5G ,6,128,19999
SAMSUNG,Galaxy A72 ,8,256,37999
SAMSUNG,Galaxy M40 ,6,128,14300
SAMSUNG,Galaxy A12 ,4,128,14999
SAMSUNG,Galaxy A51 ,6,128,20999
SAMSUNG,Galaxy S5 ,2,16,21999
SAMSUNG,M02s ,4,64,11499
SAMSUNG,Galaxy J7 Prime 2 ,3,32,14990
SAMSUNG,M02s ,3,32,8999
SAMSUNG,Galaxy A12 ,4,128,14999
SAMSUNG,Galaxy S21 Plus ,8,128,71999
SAMSUNG,Galaxy A20s ,3,32,11599
SAMSUNG,SAMSUNG Metro 350 Dual Sim,0,0,2899
SAMSUNG,Galaxy F62 ,8,128,25999
SAMSUNG,Galaxy A51 ,6,128,20999
SAMSUNG,Galaxy Fold 2 ,12,256,149999
SAMSUNG,Galaxy A9 ,6,128,19990
SAMSUNG,Galaxy S21 ,8,256,73999
SAMSUNG,Galaxy A12 ,4,128,14999
SAMSUNG,Galaxy Note10 Lite ,8,128,39999
SAMSUNG,Galaxy M42 5G ,6,128,21450
SAMSUNG,Galaxy A7 ,6,128,24600
SAMSUNG,Galaxy On8 ,4,64,19990
SAMSUNG,Galaxy M42 ,8,128,24499
SAMSUNG,Galaxy J2 Core ,1,16,6999
SAMSUNG,Galaxy J2 Core ,1,16,6999
SAMSUNG,Galaxy S20+ ,8,128,54999
SAMSUNG,Galaxy A2 Core ,1,16,5900
SAMSUNG,Galaxy M10 ,2,16,8190
SAMSUNG,M31 Prime ,6,128,16750
SAMSUNG,Galaxy J2 Core ,1,16,6999
SAMSUNG,Galaxy Star 2 ,0,4,4890
SAMSUNG,Galaxy F02s ,4,64,10499
SAMSUNG,B351E/Metro 350,0,0,2870
SAMSUNG,Galaxy J4 Plus ,2,32,9000
SAMSUNG,Galaxy A10s ,2,32,10000
SAMSUNG,Galaxy F62 ,8,128,25999
SAMSUNG,Galaxy A51 ,8,128,22499
SAMSUNG,M01 core ,2,32,5990
SAMSUNG,Galaxy A10s ,3,32,11000
SAMSUNG,Galaxy Note 9 ,8,512,49999
SAMSUNG,Galaxy Star 2 ,0,4,4890
SAMSUNG,Galaxy M30s ,6,128,16999
SAMSUNG,Galaxy S21 ,8,128,69999
SAMSUNG,Galaxy A51 ,6,128,20999
SAMSUNG,Galaxy S9 ,4,64,62500
SAMSUNG,Galaxy A7 2016 Edition ,3,16,17490
SAMSUNG,Metro XL,0,0,3271
SAMSUNG,Galaxy A7 2016 Edition ,3,16,17490
SAMSUNG,Metro XL,0,0,3271
SAMSUNG,Galaxy M21 ,4,64,13760
SAMSUNG,Z2 ,1,8,4790
SAMSUNG,Galaxy A2 Core ,1,16,5900
SAMSUNG,Galaxy M10 ,3,32,8690
SAMSUNG,Galaxy A71 ,8,128,27499
SAMSUNG,Galaxy J7 Prime ,3,16,10990
SAMSUNG,Galaxy A30 ,4,64,18000
SAMSUNG,Galaxy M10S ,3,32,9100
SAMSUNG,Galaxy A9 ,8,128,39000
SAMSUNG,Galaxy A70 ,6,128,30900
SAMSUNG,Galaxy J1 Ace ,0,4,4988
SAMSUNG,Z1 ,1,4,3990
SAMSUNG,Galaxy M20 ,4,64,11999
SAMSUNG,Galaxy A20s ,4,64,13695
SAMSUNG,Galaxy A30 ,4,64,18000
SAMSUNG,Galaxy J5 ,2,8,7990
SAMSUNG,Galaxy On6 ,4,64,17600
SAMSUNG,Galaxy J5 ,2,8,11390
SAMSUNG,Galaxy A51 ,8,128,22499
SAMSUNG,Galaxy Note 5 ,4,32,46900
SAMSUNG,Galaxy J2 ,1,8,7400
SAMSUNG,Galaxy A50s ,4,128,14999
SAMSUNG,Galaxy Note 9 ,6,128,53999
SAMSUNG,Galaxy Note 9 ,6,128,73600
SAMSUNG,Galaxy S10 ,8,128,39999
SAMSUNG,Galaxy S4 Mini ,2,8,20400
SAMSUNG,Galaxy A50s ,6,128,21099
SAMSUNG,M31 Prime ,6,64,18699
SAMSUNG,Galaxy A20 ,3,32,12900
SAMSUNG,Galaxy A9 Pro ,4,32,26900
SAMSUNG,Galaxy J7 Prime 2 ,3,32,14990
SAMSUNG,Galaxy M10 ,3,32,8650
SAMSUNG,Galaxy S21 Plus ,8,128,71999
SAMSUNG,Galaxy S21 Plus ,8,256,75999
SAMSUNG,Galaxy J2 - 2016 ,2,8,6990
SAMSUNG,Galaxy Note 9 ,6,128,73600
SAMSUNG,Galaxy S6 Edge ,3,32,44900
SAMSUNG,Galaxy J7 Duo ,4,32,17990
SAMSUNG,Galaxy A32 ,6,128,21999
SAMSUNG,Galaxy A50s ,6,128,21099
SAMSUNG,Galaxy S21 ,8,256,73999
SAMSUNG,Galaxy A71 ,8,128,27499
SAMSUNG,Galaxy A10s ,2,32,10000
SAMSUNG,Galaxy J2 Pro ,2,16,8200
SAMSUNG,Galaxy M42 5G ,6,128,17000
SAMSUNG,Galaxy J7 - 6 New 2016 Edition) ,2,16,13800
SAMSUNG,Galaxy A70s ,6,128,17999
SAMSUNG,Galaxy Note 10 Plus ,12,512,95000
SAMSUNG,Galaxy A52 ,8,128,28999
SAMSUNG,Galaxy S10 Lite ,8,512,45999
SAMSUNG,Galaxy A30s ,4,64,15899
SAMSUNG,Galaxy S8 ,4,64,49990
SAMSUNG,Galaxy Note 5 ,4,32,56999
SAMSUNG,Galaxy A7 2016 Edition ,3,16,20700
SAMSUNG,Z4 ,1,8,6200
SAMSUNG,Galaxy A72 ,8,256,37999
SAMSUNG,Galaxy Star Advance ,0,4,5499
SAMSUNG,Galaxy A80 ,8,128,29899
SAMSUNG,Galaxy J1 ,0,4,7454
SAMSUNG,Galaxy S20 ,8,128,74000
SAMSUNG,B351E/Metro 350,0,0,2089
SAMSUNG,Galaxy A9 ,6,128,36000
SAMSUNG,Metro 350,0,0,2815
SAMSUNG,Galaxy S9 ,4,128,61900
SAMSUNG,Galaxy Z Flip ,8,256,66000
SAMSUNG,Galaxy Alpha ,2,32,42000
SAMSUNG,Galaxy Alpha ,2,32,22389
SAMSUNG,Galaxy S9 Plus ,6,64,70000
SAMSUNG,Metro 350,0,0,2699
SAMSUNG,Galaxy A51 ,6,128,20999
SAMSUNG,Galaxy Note10 Lite ,6,128,37999
SAMSUNG,Galaxy Core Prime G361 Dual Sim - White ,1,8,7999
SAMSUNG,Galaxy A70s ,8,128,30500
SAMSUNG,Galaxy A7 2016 Edition ,3,16,20700
SAMSUNG,Galaxy S21 ,8,128,69999
SAMSUNG,Galaxy S9 Plus ,6,128,68900
SAMSUNG,Metro,0,0,2849
SAMSUNG,Galaxy A52 ,6,128,27499
SAMSUNG,Galaxy E7 ,2,16,16200
SAMSUNG,Z1 ,1,4,3990
SAMSUNG,Galaxy S9 ,4,128,61900
SAMSUNG,Galaxy S9 Plus ,6,64,70000
SAMSUNG,Galaxy Note 8 ,6,64,49999
SAMSUNG,Galaxy A5-2017 ,3,32,22900
SAMSUNG,Tizen Z3 ,1,8,6990
SAMSUNG,Galaxy J4 Plus ,2,32,9000
SAMSUNG,Galaxy S10 Plus ,8,128,59900
SAMSUNG,Galaxy On Nxt ,3,16,11200
SAMSUNG,Galaxy M30S ,4,128,16999
SAMSUNG,Galaxy S9 Plus ,6,128,68900
SAMSUNG,Galaxy On8 ,4,64,19990
SAMSUNG,Galaxy Note 5 ,4,32,46300
SAMSUNG,Galaxy A10s ,2,32,10000
SAMSUNG,Galaxy J2 Ace ,2,8,8090
SAMSUNG,Galaxy A5-2017 ,3,32,22900
SAMSUNG,Metro XL,0,0,3780
SAMSUNG,Galaxy S4 ,2,16,15999
SAMSUNG,Galaxy Note 3 ,3,32,50650
SAMSUNG,Galaxy S Duos 3 ,0,4,6499
SAMSUNG,Galaxy A22 ,6,128,16999
SAMSUNG,Galaxy S21 Plus ,8,256,75999
SAMSUNG,Galaxy J2 Ace ,2,8,8090
SAMSUNG,Galaxy Note 5 ,4,32,46300
SAMSUNG,Galaxy S Duos 3 ,0,4,6048
SAMSUNG,Galaxy A3 ,1,16,8190
SAMSUNG,Galaxy Note 5 ,4,32,46300
SAMSUNG,Galaxy S6 Edge ,3,64,53900
SAMSUNG,Galaxy A70s ,6,128,17999
SAMSUNG,Galaxy On Nxt ,3,16,11200
SAMSUNG,Galaxy A7 ,6,128,24600
SAMSUNG,Galaxy A70s ,6,128,17999
SAMSUNG,Galaxy Note10 Lite ,8,128,39999
SAMSUNG,Galaxy Note 3 Neo ,2,16,19900
SAMSUNG,Galaxy A8 ,2,32,33500
SAMSUNG,Galaxy Note 5 ,4,32,38900
SAMSUNG,Galaxy S10 Plus ,8,128,59900
SAMSUNG,Metro B312E Dual Sim - White,0,0,1599
SAMSUNG,Galaxy A2 Core ,1,16,5900
SAMSUNG,Galaxy A5 2016 Edition ,2,16,14490
SAMSUNG,Galaxy S9 Plus ,6,64,70000
SAMSUNG,Galaxy S6 Edge ,3,64,53900
SAMSUNG,Galaxy S5 ,2,16,21999
SAMSUNG,Galaxy Note 3 ,3,32,21999
SAMSUNG,Galaxy J1 ,1,8,7550
SAMSUNG,Galaxy S9 ,4,128,39900
SAMSUNG,Galaxy S9 Plus ,6,64,70000
SAMSUNG,Galaxy S5 ,2,16,21999
SAMSUNG,Galaxy S9 Plus ,6,128,68900
SAMSUNG,Galaxy A5 2016 Edition ,2,16,14490
SAMSUNG,Galaxy J1 ,1,8,7550
SAMSUNG,Galaxy A50 ,4,64,21000
SAMSUNG,Galaxy A3 ,1,16,10800
SAMSUNG,Galaxy On6 ,4,64,17600
SAMSUNG,Galaxy S9 Plus ,6,128,68900
SAMSUNG,Galaxy J2 - 2016 ,2,8,7200
SAMSUNG,Galaxy S10 Lite ,8,128,40999
SAMSUNG,Galaxy S9 ,4,64,62500
SAMSUNG,Galaxy A8 ,2,32,25990
SAMSUNG,Galaxy Note 9 ,6,128,73600
SAMSUNG,Galaxy J7 ,2,16,11700
SAMSUNG,Galaxy S5 ,2,16,21999
SAMSUNG,Galaxy A8 ,2,32,25990
SAMSUNG,Galaxy Core ,1,8,14700
SAMSUNG,Galaxy S9 ,4,64,62500
SAMSUNG,Galaxy J5 ,2,8,10490
SAMSUNG,Galaxy Note 10 ,8,256,73600
SAMSUNG,Galaxy A30s ,4,128,19900
SAMSUNG,Galaxy Grand Neo ,1,8,13500
SAMSUNG,Galaxy Note 4 ,3,32,36900
SAMSUNG,Galaxy Note 10 Plus ,12,256,59999
SAMSUNG,Galaxy J7 ,2,16,11700
SAMSUNG,On7 Pro ,2,16,5990
SAMSUNG,B351E/Metro 350,0,0,2980
SAMSUNG,Galaxy S4 ,2,16,40690
SAMSUNG,Galaxy J7 ,2,16,11700
SAMSUNG,Galaxy Note 10 ,8,256,73600
SAMSUNG,Galaxy S10e ,6,128,59000
SAMSUNG,Galaxy J5 Prime ,3,32,13900
SAMSUNG,Galaxy On8 ,3,16,13490
SAMSUNG,Galaxy A9 Pro ,4,32,22900
SAMSUNG,Galaxy S7 Edge ,4,32,41900
SAMSUNG,Galaxy J2 ,1,8,7400
SAMSUNG,Galaxy Note 9 ,8,512,93000
SAMSUNG,Galaxy Note 10 Plus ,12,256,59999
SAMSUNG,Galaxy A7 ,2,16,19990
SAMSUNG,Galaxy S7 Edge ,4,32,41900
SAMSUNG,Galaxy M30S ,4,128,15499
SAMSUNG,Galaxy A8 Star ,6,64,16989
SAMSUNG,Galaxy S21 Plus ,8,256,75999
SAMSUNG,Galaxy S21 ,8,256,73999
SAMSUNG,Galaxy S10e ,6,128,59000
SAMSUNG,Galaxy Note 10 Plus ,12,256,59999
SAMSUNG,Galaxy S21 Ultra ,16,512,116999
SAMSUNG,Galaxy Note10 Lite ,8,128,39999
SAMSUNG,Galaxy M32 ,6,128,16998
SAMSUNG,Galaxy S10 Lite ,8,128,40999
SAMSUNG,Galaxy S3 Neo ,2,16,17000
SAMSUNG,Galaxy A10s ,3,32,11000
SAMSUNG,Galaxy C7 Pro ,4,64,26600
SAMSUNG,Galaxy S7 Edge ,4,32,41900
SAMSUNG,Galaxy M30s ,4,64,14090
SAMSUNG,Galaxy C7 Pro ,4,64,26600
SAMSUNG,Galaxy M30S ,4,128,13990
SAMSUNG,Galaxy J2 - 2016 ,2,8,6990
SAMSUNG,Galaxy M21 ,6,128,15499
SAMSUNG,Galaxy M20 ,4,64,11990
SAMSUNG,Galaxy M30 ,3,32,10399
SAMSUNG,Galaxy A72 ,8,256,37999
SAMSUNG,Galaxy S20 FE ,8,128,49999
SAMSUNG,Galaxy Folder 2 ,2,16,27330
SAMSUNG,Galaxy A6 ,4,32,12499
SAMSUNG,Galaxy A30s ,4,64,18900
SAMSUNG,Galaxy Note 10 Plus ,12,512,95000
SAMSUNG,Galaxy Note 10 ,8,256,73600
SAMSUNG,SM-B310EZDDINS,0,0,1949
SAMSUNG,Galaxy S20 ,8,128,52905
SAMSUNG,Galaxy S20 FE ,8,128,49999
SAMSUNG,Galaxy A72 ,8,128,34999
SAMSUNG,Galaxy J5 - 6 New 2016 Edition) ,2,16,10990
SAMSUNG,Galaxy J5 - 6 New 2016 Edition) ,2,16,10990
SAMSUNG,Galaxy J5 - 6 New 2016 Edition) ,2,16,10990
SAMSUNG,M31 Prime ,6,128,17194
SAMSUNG,Galaxy A50 ,4,64,21000
SAMSUNG,Galaxy S20 FE ,8,128,49999
SAMSUNG,Galaxy M21 ,6,128,15499
SAMSUNG,Galaxy Grand 2 ,2,8,9999
SAMSUNG,Metro 313,0,0,2200
SAMSUNG,Galaxy S21 Plus ,8,128,71999
SAMSUNG,Galaxy A10 ,2,32,8700
SAMSUNG,Metro 360,0,0,3499
SAMSUNG,Galaxy S10 ,8,128,39999
SAMSUNG,Galaxy S10 ,8,128,39999
SAMSUNG,Z3 ,1,8,5590
SAMSUNG,Galaxy J7 Prime ,3,32,15300
SAMSUNG,Galaxy A80 ,8,128,29899
SAMSUNG,Grand Prime 4G ,1,8,9833
SAMSUNG,Galaxy M20 ,3,32,10990
SAMSUNG,Galaxy M21 ,6,128,15990
SAMSUNG,Galaxy M30 ,4,64,13589
SAMSUNG,Galaxy S21 ,8,128,69999
SAMSUNG,Galaxy A20s ,3,32,11599
SAMSUNG,M31 Prime ,6,128,17259
SAMSUNG,Galaxy M30S ,4,128,15499
SAMSUNG,Galaxy Ace NXT ,0,4,5795
SAMSUNG,Galaxy M30 ,3,32,10399
SAMSUNG,Galaxy Alpha ,2,32,19999
SAMSUNG,Galaxy J1 ,1,8,7550
SAMSUNG,Galaxy Note10 Lite ,6,128,37999
SAMSUNG,Galaxy A7 ,4,64,22300
SAMSUNG,Galaxy A72 ,8,256,37999
SAMSUNG,Galaxy A20s ,4,64,13695
SAMSUNG,Fold 2 5G ,12,256,169999
SAMSUNG,Galaxy Note 5 ,4,32,30495
SAMSUNG,Galaxy S21 Ultra ,12,256,105999
SAMSUNG,Galaxy M20 ,3,32,10848
SAMSUNG,Galaxy Core Prime ,1,8,5490
SAMSUNG,On5 Pro ,2,16,6480
SAMSUNG,Galaxy M10 ,2,16,8170
SAMSUNG,Galaxy A5 ,2,16,17990
SAMSUNG,Galaxy A50s ,6,128,21099
SAMSUNG,Galaxy A50 ,6,64,24000
SAMSUNG,Galaxy M30s ,6,128,16999
SAMSUNG,Galaxy S20+ ,8,128,54999
SAMSUNG,Galaxy Note 5 ,4,32,29990
SAMSUNG,Galaxy Note 5 ,4,64,49990
SAMSUNG,Galaxy A6 ,4,32,12499
SAMSUNG,Galaxy Note 5 ,4,32,29990
SAMSUNG,Galaxy Core Prime ,1,8,5490
SAMSUNG,Galaxy Star ,0,4,4199
SAMSUNG,Galaxy Grand Neo Plus ,1,8,5999
SAMSUNG,Galaxy A32 ,6,128,21999
SAMSUNG,Galaxy A30s ,4,64,18900
SAMSUNG,On5 Pro ,2,16,6990
SAMSUNG,Galaxy M10S ,3,32,8990
SAMSUNG,Galaxy Note Edge ,3,32,30000
SAMSUNG,Galaxy S6 ,3,64,55900
SAMSUNG,Grand Prime ,1,8,7992
SAMSUNG,Galaxy S10 Plus ,8,128,79000
SAMSUNG,Galaxy S9 ,4,256,65900
SAMSUNG,Galaxy S8 Plus ,6,128,48669
SAMSUNG,Galaxy M30s ,4,64,14069
SAMSUNG,Galaxy A5 ,2,16,14490
SAMSUNG,Galaxy A30s ,4,128,19900
SAMSUNG,Galaxy Grand Neo Plus ,1,8,5999
SAMSUNG,Grand Prime 4G ,1,8,7999
SAMSUNG,Galaxy A71 ,8,128,27499
SAMSUNG,Galaxy S10 Lite ,8,128,40999
SAMSUNG,Galaxy Note 4 ,3,32,27990
SAMSUNG,Galaxy Note 8 ,6,64,35990
SAMSUNG,Galaxy A8 Star ,6,64,18990
SAMSUNG,Galaxy Grand Neo Plus ,1,8,6999
SAMSUNG,Galaxy S6 Edge ,3,32,29999
SAMSUNG,Galaxy S7 ,4,32,23500
SAMSUNG,Galaxy S7 ,4,32,22222
SAMSUNG,Metro XL,0,0,3285
SAMSUNG,Galaxy S3 Neo ,2,16,13499
SAMSUNG,Galaxy A5 ,2,16,17990
SAMSUNG,Galaxy E5 ,2,16,20400
SAMSUNG,Galaxy J2 Pro ,2,16,8200
SAMSUNG,Galaxy Core ,1,8,7999
SAMSUNG,Galaxy A7-2017 ,3,32,25900
SAMSUNG,Z2 ,1,8,4790
SAMSUNG,Galaxy Note 4 ,3,32,51000
SAMSUNG,Galaxy M30 ,6,128,15890
SAMSUNG,Galaxy S20 ,8,128,49980
SAMSUNG,Galaxy J2 Ace ,2,8,8090
SAMSUNG,Galaxy A8 Plus ,6,64,16860
SAMSUNG,Galaxy A9 Pro ,4,32,19980
SAMSUNG,Galaxy A52 ,6,128,27499
SAMSUNG,Galaxy S6 ,3,32,33900
SAMSUNG,Grand Prime ,1,8,10899
SAMSUNG,Galaxy A52 ,8,128,28999
SAMSUNG,Galaxy J1 Ace ,0,4,5110
SAMSUNG,Galaxy M30 ,6,128,15900
SAMSUNG,Galaxy Star Pro ,0,4,4199
SAMSUNG,Galaxy J2 Pro ,2,16,8200
SAMSUNG,Galaxy Trend ,0,4,4999
SAMSUNG,Sm-G361Hhadins ,1,8,8999
SAMSUNG,Galaxy M30s ,6,128,15990
SAMSUNG,Guru FM Plus,0,0,4500
SAMSUNG,Galaxy E5 ,2,16,8490
SAMSUNG,Galaxy Grand Quattro ,1,8,6999
SAMSUNG,On7 Pro ,2,16,6549
SAMSUNG,Galaxy Grand I9082 ,1,8,8999
SAMSUNG,Galaxy M30s ,4,64,14990
SAMSUNG,Galaxy A7 ,2,16,19990
SAMSUNG,Galaxy S20 Ultra ,12,128,70490
SAMSUNG,Galaxy A7 ,2,16,19990
SAMSUNG,Galaxy Ace NXT ,0,4,5490
SAMSUNG,Galaxy Mega 5.8 ,2,8,26000
SAMSUNG,Galaxy J1 ,0,4,6190
SAMSUNG,Galaxy A3 ,1,16,9999
SAMSUNG,Galaxy A50 ,4,64,21000
SAMSUNG,Galaxy Note 5 Dual ,4,32,39899
SAMSUNG,Galaxy A7 ,4,64,22300
SAMSUNG,Galaxy Note 4 ,3,32,49990
SAMSUNG,GURU FM PLUS,0,0,1662
SAMSUNG,Galaxy M40 ,6,128,15490
SAMSUNG,Galaxy E7 ,2,16,18340
SAMSUNG,Tizen Z3 ,1,8,4999
SAMSUNG,Galaxy A5 ,2,16,17990
SAMSUNG,Galaxy Grand Quattro ,1,8,5999
SAMSUNG,Galaxy Note 8 ,6,64,34899
SAMSUNG,Galaxy E5 ,2,16,9890
SAMSUNG,Galaxy Core 2 ,1,4,5940
SAMSUNG,Galaxy Grand 2 ,2,8,10990
SAMSUNG,Galaxy S7 Edge ,4,32,41900
SAMSUNG,Galaxy Core Prime ,1,8,6995
SAMSUNG,Galaxy Trend ,0,4,4999
SAMSUNG,Galaxy Star Pro ,0,4,4299
SAMSUNG,M31 Prime ,6,64,16000
SAMSUNG,Galaxy S6 Edge ,3,64,39999
SAMSUNG,Galaxy Star Advance ,0,4,3500
SAMSUNG,Galaxy Trend ,0,4,6999
SAMSUNG,Galaxy S3 Neo ,2,16,13499
SAMSUNG,Galaxy E7 ,2,16,12999
SAMSUNG,Galaxy Pocket Neo ,0,4,5000
SAMSUNG,Galaxy S Duos 2 ,0,4,5999
SAMSUNG,Galaxy S4 Zoom ,2,8,19999
SAMSUNG,Galaxy Core 2 ,1,4,5920
SAMSUNG,Galaxy S Duos 2 ,0,4,5999
SAMSUNG,Galaxy Note 3 Neo ,2,16,11250
SAMSUNG,Galaxy S7 ,4,32,24999
SAMSUNG,Tizen Z3 ,1,8,4999
SAMSUNG,Galaxy Grand Prime 4g ,1,8,8250
SAMSUNG,Galaxy S6 ,3,32,33900
SAMSUNG,S7 Edge ,4,128,36900
SAMSUNG,Galaxy S6 Edge+ ,4,32,34999
SAMSUNG,Galaxy S6 Edge+ ,4,32,28000
SAMSUNG,Galaxy S7 Edge ,4,32,36900
Lenovo,A6600d40 ,2,16,7999
Lenovo,K8 Plus ,3,32,10999
Lenovo,K3 Note ,2,16,7999
Lenovo,S930 ,1,8,13604
Lenovo,K8 Plus ,3,32,10999
Lenovo,K3 Note ,2,16,9900
Lenovo,A269i ,0,0,5499
Lenovo,A7 ,2,32,7490
Lenovo,A7 ,2,32,6950
Lenovo,A5 ,3,32,7999
Lenovo,A5 ,2,16,6999
Lenovo,A2010 ,1,8,4990
Lenovo,Vibe Shot ,3,32,9799
Lenovo,A7700 ,2,16,6499
Lenovo,K8 Note ,3,32,7490
Lenovo,K9 ,3,32,9999
Lenovo,K3 Note ,2,16,7000
Lenovo,VIBE P1m ,2,16,6999
Lenovo,VIBE P1m ,2,16,6999
Lenovo,K8 Note ,4,64,8499
Lenovo,K8 Note ,4,64,12999
Lenovo,Z2 Plus ,4,64,19999
Lenovo,A7 ,4,64,8490
Lenovo,A7 ,4,64,7990
Lenovo,A7 ,4,64,7990
Lenovo,Vibe K5 Note ,3,32,10999
Lenovo,Vibe K5 Note ,4,32,12499
Lenovo,A2010 ,1,8,5490
Lenovo,B ,1,8,4890
Lenovo,K8 Note ,3,32,7819
Lenovo,Vibe K5 Note ,4,64,13499
Lenovo,S850 ,1,16,18499
Lenovo,A6600 ,1,16,5499
Lenovo,A5000 ,1,8,9999
Lenovo,A6600 Plus ,2,16,6266
Lenovo,A536 ,1,8,7700
Lenovo,A7000 ,2,8,8999
Lenovo,K10 Note ,4,64,16999
Lenovo,A7000 ,2,8,5499
Lenovo,A7000 Turbo ,2,16,5999
Lenovo,Vibe K5 Plus ,2,16,8499
Lenovo,Vibe K5 Plus ,2,16,8499
Lenovo,Vibe K5 Plus ,3,16,7999
Lenovo,Vibe K5 Plus ,3,16,8499
Lenovo,Vibe K5 Plus ,3,16,7999
Lenovo,S850 ,1,16,15999
Lenovo,K6 Note ,4,32,9150
Lenovo,K6 Power ,4,32,8999
Lenovo,Vibe K5 Note ,3,32,10999
Lenovo,X2-AP ,2,32,17499
Lenovo,A2010 ,1,8,5499
Lenovo,Vibe K5 Note ,3,32,10999
Lenovo,K6 Power ,3,32,7499
Lenovo,K6 Note ,4,32,7490
Lenovo,K6 Note ,3,32,7490
Lenovo,K6 Note ,3,32,6250
Lenovo,Z2 Plus ,4,64,19999
Lenovo,A536 ,1,8,9999
Lenovo,K10 Plus ,4,64,13999
Lenovo,P770 ,1,4,12899
Lenovo,VIBE P1 ,2,32,15999
Lenovo,K4 Note ,3,16,7999
Lenovo,A2010 ,1,8,4599
Lenovo,S660 ,1,8,14999
Lenovo,Vibe Z2 Pro ,3,32,29999
Lenovo,A5 ,2,16,6999
Lenovo,A5 ,3,32,7999
Lenovo,K9 Note ,4,64,11999
Lenovo,K9 ,3,32,9999
Lenovo,P780 ,1,4,15410
Lenovo,A850 ,1,4,15999
Lenovo,A390 ,0,4,7580
Lenovo,K10 Plus ,4,64,13999
Lenovo,K8 Plus ,4,32,11999
Lenovo,Vibe K5 Note ,4,32,12499
Lenovo,P2 ,4,32,17999
Lenovo,P2 ,4,32,17999
Lenovo,A328 ,1,4,7499
Lenovo,K10 Note ,6,128,18999
Lenovo,K8 Plus ,4,32,11999
Lenovo,A6 Note ,3,32,9999
Lenovo,P2 ,3,32,16999
Lenovo,P2 ,3,32,16999
Lenovo,A6 Note ,3,32,9999
Lenovo,Vibe P1 Turbo ,3,32,7650
Lenovo,A1000 ,1,8,3549
Lenovo,Z2 Plus ,3,32,17999
Lenovo,K8 ,3,32,7490
Lenovo,K8 ,3,32,6990
Lenovo,Z2 Plus ,3,32,8250
Lenovo,A6000 Plus ,2,16,7499
Lenovo,A6000 Plus ,2,16,7499
Lenovo,A6000 Plus ,2,16,7499
Lenovo,A5000 ,1,8,6499
Lenovo,S560 ,1,8,19999
Lenovo,K9 Note ,4,64,11999
Lenovo,K9 Note ,4,64,11999
Lenovo,K6 Note ,4,32,7599
Lenovo,A7000 Turbo ,2,16,8999
Lenovo,Vibe P1 Turbo ,3,32,9229
Lenovo,B ,1,8,6799
Lenovo,K6 Note ,3,32,6999
Lenovo,Sisley S60 ,2,8,6980
Lenovo,Sisley S60 ,2,8,13999
Lenovo,K4 Note ,3,16,7999
Lenovo,A7700 ,2,16,6750
Lenovo,A6600 ,1,16,4499
Lenovo,P70 ,2,16,6989
Lenovo,A319 ,0,4,4200
Lenovo,A1000 ,1,8,3549
Lenovo,Vibe Shot ,3,32,18999
Lenovo,S90 Or Sisley S90 ,2,32,12999
Lenovo,A6000 Shot ,2,16,6200
Lenovo,Vibe S1 ,3,32,13490
Lenovo,K6 POWER ,4,32,7999
Lenovo,K3 Note Music ,2,16,9795
Lenovo,A6000 Shot ,2,16,7990
Lenovo,X2-AP ,2,32,9999
Lenovo,ZUK Z1 ,3,64,7499
Motorola,E7 Power ,4,64,8799
Motorola,Edge 20 Fusion ,8,128,22999
Motorola,G10 Power ,4,64,10499
Motorola,G60 ,6,128,17999
Motorola,G40 Fusion ,6,128,16499
Motorola,E7 Power ,4,64,8799
Motorola,G40 Fusion ,4,64,14499
Motorola,Edge 20 Fusion ,8,128,22999
Motorola,G60 ,6,128,17999
Motorola,G40 Fusion ,6,128,16499
Motorola,G40 Fusion ,4,64,14499
Motorola,G10 Power ,4,64,10499
Motorola,2nd Generation ,1,16,8999
Motorola,Edge 20 ,8,128,29999
Motorola,G8 Power Lite ,4,64,9999
Motorola,Edge 20 Fusion ,6,128,21499
Motorola,X4,3,32,21999
Motorola,Edge 20 Fusion ,6,128,21499
Motorola,Razr 5G ,8,256,89999
Motorola,E5,2,16,12000
Motorola,Razr ,6,128,74999
Motorola,X Play,2,16,17499
Motorola,Edge 20 ,8,128,29999
Motorola,C Plus,2,16,6900
Motorola,G6,4,64,20000
Motorola,M,4,64,12999
Motorola,One Vision ,4,128,14999
Motorola,G30 ,4,64,10999
Motorola,G5,6,128,20999
Motorola,G9 Power ,4,64,11999
Motorola,E7 Power ,2,32,6999
Motorola,G 2nd Generation ,1,16,8999
Motorola,G30 ,4,64,10999
Motorola,One Fusion+ ,6,128,17499
Motorola,E5,2,16,10999
Motorola,G9 ,4,64,10999
Motorola,E7 Plus ,4,64,8999
Motorola,One Fusion+ ,6,128,17499
Motorola,G5,6,128,20999
Motorola,One Action ,4,128,10999
Motorola,E 2nd Gen 3G ,1,8,5999
Motorola,G8 Power Lite ,4,64,9999
Motorola,E6s,4,64,7999
Motorola,C,1,16,5499
Motorola,E5 Plus,3,32,11999
Motorola,E5 Plus,3,32,11999
Motorola,G9 ,4,64,10999
Motorola,Edge+ ,12,256,64999
Motorola,Razr ,6,128,74999
Motorola,G 3rd Generation ,1,8,11999
Motorola,One Macro ,4,64,9499
Motorola,G5s,4,32,7350
Motorola,X 2nd Generation ,2,16,14500
Motorola,G7,4,64,9999
Motorola,G7,4,64,9999
Motorola,X4,6,64,24999
Motorola,E6s,4,64,7999
Motorola,One Macro ,4,64,9999
Motorola,G5s,4,32,9869
Motorola,One,4,64,14999
Motorola,Z2 Play,4,64,27999
Motorola,Z2 Play,4,64,27999
Motorola,One Power ,4,64,18999
Motorola,One,4,64,14999
Motorola,Quench X T3,0,16,14939
Motorola,X4,4,64,23999
Motorola,G8 Plus,4,64,12999
Motorola,G,1,16,9999
Motorola,One Vision ,4,128,14999
Motorola,One Vision ,4,128,14999
Motorola,G6 Play,3,32,12999
Motorola,XT502,0,16,15990
Motorola,G6 Plus ,6,64,11829
Motorola,G4 Plus,2,16,5999
Motorola,G7 Power,4,64,15999
Motorola,G4,2,16,6999
Motorola,E7 Power ,2,32,6999
Motorola,Z Play,3,32,24999
Motorola,Z Play,3,32,24999
Motorola,G8 Plus,4,64,12999
Motorola,G 3rd Generation ,1,8,9999
Motorola,E7 Plus ,4,64,8999
Motorola,E6s,4,64,7999
Motorola,G9 Power ,4,64,11999
Motorola,C Plus,2,16,6999
Motorola,C Plus,2,16,6999
Motorola,G5,3,16,5450
Motorola,G5 Plus,3,32,10999
Motorola,X 2nd Generation ,2,32,24999
Motorola,X 2nd Generation ,2,16,23999
Motorola,X4,6,64,24999
Motorola,Z2 Force,6,64,14999
Motorola,G6,3,32,13999
Motorola,G5s,4,32,8390
Motorola,G6 Play,3,32,12999
Motorola,X4,4,64,23999
Motorola,G4,2,16,6399
Motorola,M,3,32,14999
Motorola,M,3,32,14999
Motorola,M,3,32,14999
Motorola,G4 Plus,3,32,6999
Motorola,M,4,64,9999
Motorola,One Action ,4,128,10999
Motorola,G4 Plus,2,16,6999
Motorola,M,4,64,10910
Lenovo,A6 Note ,3,32,9999
Lenovo,A6 Note ,3,32,9999
POCO,X3 Pro ,8,128,20999
POCO,X3 Pro ,8,128,20999
POCO,X3 Pro ,6,128,18999
POCO,X3 Pro ,6,128,18999
POCO,M3 Pro 5G ,6,128,16499
POCO,M3 Pro 5G ,6,128,16499
POCO,M3 ,6,64,11999
POCO,M3 ,6,64,11999
POCO,M3 ,6,64,11999
POCO,M2 Reloaded ,4,64,9999
POCO,M2 Reloaded ,4,64,9999
POCO,M3 ,4,64,10999
POCO,M3 ,4,64,10999
POCO,M3 ,4,64,10999
POCO,C3 ,4,64,8999
POCO,C3 ,4,64,8999
POCO,C3 ,4,64,8999
POCO,C3 ,3,32,7999
POCO,C3 ,3,32,7999
POCO,C3 ,3,32,7999
vivo,Y20G ,6,128,13400
vivo,Y21 ,8,256,49990
vivo,Y20G ,2,32,49990
vivo,Y33s ,3,64,39990
vivo,Y33s ,6,64,37990
vivo,Y20A ,3,64,36990
vivo,Y21 ,2,32,34990
vivo,Y21 ,6,128,32990
vivo,Y12s ,3,32,32990
vivo,Y12s ,4,64,32990
vivo,Y20G 2021 ,4,64,29990
vivo,Y20G 2021 ,6,128,29990
vivo,Y20A 2021 ,3,64,29990
vivo,Y73 ,3,64,28990
vivo,Y1s ,6,64,28499
vivo,Y12G ,3,64,27990
vivo,Y51A ,3,16,23990
vivo,Y20G ,4,64,23990
vivo,Y1s ,4,32,22990
vivo,Y1S ,4,32,22654
vivo,Y72 5G ,8,128,21990
vivo,Y72 5G ,4,128,21099
vivo,Y20A ,4,128,20600
vivo,V21e ,6,64,19990
vivo,Y72 5G ,4,64,19990
vivo,Y51A ,4,32,19490
vivo,Y20 ,4,32,19490
vivo,V21e ,3,16,18990
vivo,Y20G ,3,16,18990
vivo,V20 SE ,3,32,17999
vivo,Y11 ,4,64,16990
vivo,Y53s ,6,64,16989
vivo,X60 ,4,64,16490
vivo,Y12G ,6,128,15990
vivo,Y12G ,4,64,15990
vivo,Y12G ,12,256,15900
vivo,V20 2021 ,12,256,15490
vivo,V21 5G ,8,256,15490
vivo,V21 5G ,12,256,14990
vivo,V21 5G ,12,256,14990
vivo,V21 5G ,8,256,14990
vivo,V21 5G ,8,256,14990
vivo,Y91i ,8,128,14990
vivo,Y53s ,8,128,14500
vivo,Y20 ,8,256,13995
vivo,Y31 ,8,256,13990
vivo,Y30 ,8,128,13990
vivo,X60 ,8,128,13990
vivo,Y1S ,8,128,13890
vivo,Y1S ,8,128,13890
vivo,V20 SE ,8,128,12900
vivo,V20 2021 ,8,128,11990
vivo,V20 Pro ,4,128,10990
vivo,X60 ,3,64,8205
Xiaomi,Mi 10 ,8,256,54999
Xiaomi,Mi 10 ,8,256,45871
Xiaomi,Mi 10i ,8,128,24890
Xiaomi,Mi 10i ,6,128,22650
Xiaomi,Mi 10i ,6,128,22950
Xiaomi,Mi 10i ,8,128,26989
Xiaomi,Mi 10T ,6,128,32999
Xiaomi,Mi 10T ,8,128,34999
Xiaomi,Mi 10T ,6,128,32999
Xiaomi,Mi 11 Lite ,8,128,23999
Xiaomi,Mi 11 Lite ,6,128,21999
Xiaomi,Mi 11 Lite ,6,128,21999
Xiaomi,Mi 11 Lite ,8,128,23999
Xiaomi,Mi 11 Lite ,8,128,23999
Xiaomi,Mi 11 Lite ,6,128,21999
Xiaomi,Mi 11X ,8,128,26824
Xiaomi,Mi 11X ,6,128,24744
Xiaomi,Mi 11X ,8,128,26828
Xiaomi,Mi 11X ,6,128,24283
Xiaomi,Mi 11X ,6,128,24338
Xiaomi,Mi 11X ,8,128,27950
Xiaomi,Mi 11X ,8,128,26758
Xiaomi,MI 11X 5G ,6,128,26295
Xiaomi,MI 11X 5G ,6,128,24492
Xiaomi,MI 11X 5G ,6,128,26495
Xiaomi,Mi 11X Pro 5G ,8,128,36290
Xiaomi,Mi 11X Pro 5G ,8,128,39999
Xiaomi,Mi 11X Pro 5G ,8,256,38950
Xiaomi,Mi 11X Pro 5G ,8,256,38999
Xiaomi,Mi A2 ,6,128,14949
Xiaomi,Mi A2 ,4,64,11990
Xiaomi,Mi A2 ,6,128,14398
Xiaomi,Mi A2 ,4,64,12499
Xiaomi,Mi A2 ,6,128,14443
Xiaomi,Mi A2 ,4,64,11948
Xiaomi,Mi A3 ,4,64,12990
Xiaomi,Mi A3 ,4,64,12990
Xiaomi,Mi A3 ,4,64,12990
Xiaomi,Mi Max 2 ,4,64,13990
Xiaomi,MI3 ,2,16,7999
Xiaomi,Redmi 5 ,3,32,9900
Xiaomi,Redmi 5 ,3,32,9399
Xiaomi,Redmi 5 ,4,64,10990
Xiaomi,Redmi 5 ,3,32,8990
Xiaomi,Redmi 6 ,3,64,10450
Xiaomi,Redmi 6 Pro ,4,64,12349
Xiaomi,Redmi 6 Pro ,4,64,11999
Xiaomi,Redmi 6 Pro ,3,32,9990
Xiaomi,Redmi 6 Pro ,4,64,11999
Xiaomi,Redmi 6A ,2,32,7989
Xiaomi,Redmi 6A ,2,32,7499
Xiaomi,Redmi 6A ,2,32,7699
Xiaomi,Redmi 7 ,2,32,9490
Xiaomi,Redmi 7 ,2,32,9490
Xiaomi,Redmi 7A ,2,16,6499
Xiaomi,Redmi 7A ,2,32,6999
Xiaomi,Redmi 8 ,4,64,10999
Xiaomi,Redmi 8 ,4,64,10999
Xiaomi,Redmi 8 ,4,64,10999
Xiaomi,Redmi 8A ,2,32,7999
Xiaomi,Redmi 8A ,2,32,7999
Xiaomi,Redmi 8A Dual ,3,32,8299
Xiaomi,Redmi 8A Dual ,3,64,9199
Xiaomi,Redmi 8A Dual ,3,64,9499
Xiaomi,Redmi 8A Dual ,3,32,8299
Xiaomi,Redmi 8A Dual ,3,64,8561
Xiaomi,Redmi 8A Dual ,3,64,8561
Xiaomi,Redmi 9 ,4,64,10070
Xiaomi,Redmi 9 ,4,128,11199
Xiaomi,Redmi 9 ,4,64,10121
Xiaomi,Redmi 9 ,4,64,9828
Xiaomi,REDMI 9 Power ,6,128,13499
Xiaomi,REDMI 9 Power ,4,64,11499
Xiaomi,REDMI 9 Power ,4,64,11499
Xiaomi,REDMI 9 Power ,6,128,13499
Xiaomi,REDMI 9 Power ,4,64,11499
Xiaomi,REDMI 9 Prime ,4,64,10499
Xiaomi,REDMI 9 Prime ,4,64,10499
Xiaomi,REDMI 9 Prime ,4,64,10499
Xiaomi,REDMI 9 Prime ,4,128,13999
Xiaomi,Redmi 9A ,2,32,7589
Xiaomi,Redmi 9A ,3,32,8389
Xiaomi,Redmi 9A ,2,32,7698
Xiaomi,Redmi 9A ,3,32,8498
Xiaomi,Redmi 9A ,3,32,8498
Xiaomi,Redmi 9A ,2,32,7619
Xiaomi,REDMI 9i ,4,64,8799
Xiaomi,REDMI 9i ,4,64,8799
Xiaomi,Redmi K20 ,6,128,18429
Xiaomi,Redmi K20 ,6,64,22999
Xiaomi,Redmi K20 ,6,128,21349
Xiaomi,Redmi K20 ,6,64,20899
Xiaomi,Redmi K20 Pro ,6,128,28999
Xiaomi,Redmi K20 Pro ,8,256,29999
Xiaomi,Redmi K20 Pro ,6,128,28999
Xiaomi,REDMI Note 10 Pro ,6,128,19799
Xiaomi,REDMI Note 10 Pro ,6,128,18887
Xiaomi,REDMI Note 10S ,6,128,17765
Xiaomi,REDMI Note 10S ,6,128,17995
Xiaomi,Redmi Note 4 ,3,32,9499
Xiaomi,Redmi Note 4 ,4,64,9999
Xiaomi,Redmi Note 4 ,3,32,8590
Xiaomi,Redmi Note 5 ,3,32,9990
Xiaomi,Redmi Note 5 ,4,64,10999
Xiaomi,Redmi Note 5 ,4,64,11499
Xiaomi,Redmi Note 5 ,3,32,9998
Xiaomi,Redmi Note 5 Pro ,4,64,14999
Xiaomi,Redmi Note 5 Pro ,6,64,16999
Xiaomi,Redmi Note 5 Pro ,4,64,14999
Xiaomi,Redmi Note 6 Pro ,6,64,14999
Xiaomi,Redmi Note 6 Pro ,4,64,12349
Xiaomi,Redmi Note 6 Pro ,4,64,12999
Xiaomi,Redmi Note 6 Pro ,6,64,14990
Xiaomi,Redmi Note 6 Pro ,6,64,17999
Xiaomi,Redmi Note 6 Pro ,4,64,12499
Xiaomi,Redmi Note 6 Pro ,4,64,12449
Xiaomi,Redmi Note 6 Pro ,6,64,14999
Xiaomi,Redmi Note 7 ,3,32,11900
Xiaomi,Redmi Note 7 ,4,64,11748
Xiaomi,Redmi Note 7 ,3,32,11900
Xiaomi,Redmi Note 7 ,4,64,13399
Xiaomi,Redmi Note 7 ,3,32,11946
Xiaomi,Redmi Note 7 Pro ,4,64,14450
Xiaomi,Redmi Note 7 Pro ,6,128,15449
Xiaomi,Redmi Note 7 Pro ,6,64,14980
Xiaomi,Redmi Note 7 Pro ,4,64,14999
Xiaomi,Redmi Note 7 Pro ,6,128,16399
Xiaomi,Redmi Note 7 Pro ,6,64,16999
Xiaomi,Redmi Note 7 Pro ,6,128,17999
Xiaomi,Redmi Note 7 Pro ,4,64,13499
Xiaomi,Redmi Note 7 Pro ,6,64,15999
Xiaomi,Redmi Note 7S ,4,64,13999
Xiaomi,Redmi Note 7S ,4,64,13900
Xiaomi,Redmi Note 7S ,4,64,13900
Xiaomi,Redmi Note 7S ,4,64,13500
Xiaomi,Redmi Note 8 ,4,64,12999
Xiaomi,Redmi Note 8 ,4,64,12999
Xiaomi,Redmi Note 8 ,4,64,11999
Xiaomi,REDMI Note 9 ,4,64,11999
Xiaomi,REDMI Note 9 ,4,64,11999
Xiaomi,REDMI Note 9 ,4,64,11999
Xiaomi,REDMI Note 9 ,4,64,11999
Xiaomi,Redmi Note 9 Pro ,4,64,15990
Xiaomi,Redmi Note 9 Pro ,4,128,15998
Xiaomi,Redmi Note 9 Pro ,6,128,18499
Xiaomi,Redmi Note 9 Pro ,4,64,14999
Xiaomi,Redmi Note 9 Pro ,4,64,16488
Xiaomi,Redmi Note 9 Pro ,4,128,17990
Xiaomi,Redmi Y1 ,3,32,8990
Xiaomi,Redmi Y2 ,3,32,9478
Xiaomi,Redmi Y2 ,4,64,10999
Xiaomi,Redmi Y2 ,3,32,9499
Xiaomi,Redmi Y2 ,4,64,10999
Xiaomi,Redmi Y2 ,3,32,9499
Xiaomi,Redmi Y2 ,4,64,10888
Xiaomi,Redmi Y2 ,3,32,9468
Xiaomi,Redmi Y2 ,4,64,10999
Xiaomi,Redmi Y2 ,3,32,9999
Xiaomi,Redmi Y2 ,4,64,10999
Xiaomi,Redmi Y3 ,4,64,12999
Xiaomi,Redmi Y3 ,3,32,9450
Xiaomi,Redmi Y3 ,4,64,12999
Xiaomi,Redmi Y3 ,3,32,9950
Xiaomi,Redmi Y3 ,4,64,12499
HTC,U11,6,128,53990
HTC,U Ultra,4,64,62990
HTC,U Ultra,4,64,62990
HTC,U11,6,128,53990
HTC,U11,6,128,53990
HTC,U11,6,128,53990
HTC,Desire 630,2,16,12570
HTC,10,4,32,47990
HTC,10,4,32,56690
HTC,628,3,32,15400
HTC,Desire 626,2,16,11810
HTC,Desire 626,2,16,13200
HTC,Desire 626,2,16,15490
HTC,Desire 828,2,16,16990
HTC,Desire 826 DS,2,16,26999
HTC,Desire 826 DS,2,16,18249
HTC,820 G+,1,16,19695
HTC,Desire 326G DS,1,8,9590
HTC,Desire 326G DS,1,8,9590
HTC,One E9+,3,32,38800
HTC,One E9+,3,32,38800
HTC,One E9+,3,32,53900
HTC,626G Plus,1,8,8999
HTC,826,2,16,27990
HTC,626G Plus,1,8,8999
HTC,526G Plus,1,16,12400
HTC,820S,2,16,25500
HTC,820S,2,16,25500
HTC,Desire 820,2,16,25999
HTC,Desire 526G Plus,1,16,9900
HTC,Desire 526G Plus,1,16,6999
HTC,816G,1,16,21990
HTC,816G,1,16,21990
HTC,620G,1,8,7999
HTC,620G,1,16,23999
HTC,Desire 820,2,16,25999
HTC,Desire 816G,1,16,21999
HTC,Desire 616,1,4,17200
HTC,Desire 616,1,4,17200
HTC,Desire 516,1,4,15200
HTC,Desire 516,1,4,15200
HTC,One M8 ,2,16,59900
HTC,Desire 816  ,2,8,27390
HTC,Desire 816  ,2,8,27390
HTC,Desire 210,0,4,9990
HTC,Desire 210,0,4,9990
HTC,One M8 ,2,16,59900
HTC,One M8 ,2,16,59900
HTC,Desire 700,1,8,35490
HTC,One 802D,2,32,59590
Nokia,XR 20,6,128,46988
OPPO,A16,3,32,10490
OPPO,A16,3,32,10490
OPPO,A16,3,32,10490
OPPO,A55,4,64,15490
OPPO,A55,4,64,15490
OPPO,A55,6,128,17490
OPPO,A55,6,128,17490
OPPO,A55,4,64,15490
POCO,F3 GT,8,128,28999
POCO,F3 GT,6,128,28999
POCO,F3 GT,8,256,30999
POCO,F3 GT,8,128,28999
POCO,M3 Pro 5G ,6,128,16499
POCO,F1,6,128,24999
POCO,F1,6,256,28999
POCO,F1,8,256,30999
POCO,F1,6,64,21999
POCO,F1,6,128,24999
POCO,F3 GT,6,128,28999
POCO,M2 Pro,6,64,14999
POCO,M2 Pro,4,64,13999
POCO,M2 Pro,6,64,14999
POCO,M2 Pro,6,128,15999
POCO,M2 Pro,4,64,13999
POCO,M2 Pro,6,64,14999
POCO,M2 Pro,4,64,13999
POCO,M2 Pro,6,128,15999
POCO,M2  ,6,128,11499
POCO,M2  ,6,128,11499
POCO,M2  ,6,128,11499
POCO,M2  ,6,64,10499
POCO,X2,6,64,14999
POCO,X2 Special Edition,6,128,15999
POCO,X2,6,128,15999
POCO,X2,8,256,21499
POCO,X2,6,64,14999
POCO,X2 Special Edition,6,128,19999
POCO,X2,6,128,15999
POCO,X2,8,256,21499
POCO,F1,8,256,30999
POCO,F1,6,128,24999
POCO,F1,6,64,21999
POCO,F1,8,256,30999
realme,9i,6,128,15999
realme,9i,6,128,15999
realme,9i,4,64,13999
realme,9i,4,64,13999
realme,GT Master Edition ,6,128,25999
realme,GT Master Edition ,8,128,27999
realme,C25Y ,4,64,10999
realme,C25Y ,4,64,10999
realme,GT Neo 2,12,256,35999
realme,GT Neo 2,12,256,35999
realme,GT Neo 2,8,128,31999
realme,GT Neo 2,8,128,31999
realme,C25Y ,4,128,12049
realme,GT Master Edition ,8,128,27999
realme,GT Master Edition ,8,256,29999
realme,X7 Max,8,128,26999
realme,X7 Max,12,256,29999
realme,X7 Max,12,256,29999
realme,X7 Max,8,128,26999
realme,X7 Max,8,128,26999
realme,X7 Max,12,256,29999
SAMSUNG,Galaxy A52s 5G ,8,128,37499
SAMSUNG,Galaxy Z Fold3 5G ,12,256,149999
SAMSUNG,Galaxy Z Fold3 5G ,12,256,149999
SAMSUNG,Galaxy Z Flip3 5G ,8,128,88999
SAMSUNG,Galaxy F42 5G ,6,128,20999
SAMSUNG,Galaxy F42 5G ,8,128,22999
SAMSUNG,Galaxy F42 5G ,8,128,22999
SAMSUNG,Galaxy F42 5G ,6,128,20999
vivo,Y21A,4,64,14449
vivo,Y33T,8,128,18990
vivo,Y33T,8,128,22990
vivo,Y21T,4,128,16490
vivo,Y21T,4,128,16490
vivo,V23 5G,12,256,34990
vivo,V23 5G,8,128,29990
vivo,V23 5G,8,128,29990
vivo,V23 5G,12,256,34990
vivo,V23 Pro 5G,8,128,38990
vivo,V23 Pro 5G,12,256,43990
vivo,V23 Pro 5G,12,256,43990
vivo,V21 5G ,8,128,32990
vivo,Y20 T,6,64,15490
vivo,Y20 T,6,64,15490
vivo,X70 Pro+,12,256,79990
vivo,X70 Pro ,8,256,49990
vivo,X70 Pro ,12,256,52990
vivo,X70 Pro ,8,128,46990
vivo,X60 Pro,12,256,54990
vivo,X60 Pro,12,256,48780
vivo,X50 Pro,8,256,54990
vivo,X50  ,8,256,44990
vivo,U10,3,32,10990
vivo,U11,3,64,11990
vivo,U12,4,64,13990
vivo,S1,6,64,20990
vivo,Z1x,6,64,19990
vivo,Z1x,6,64,19990
vivo,S1,4,128,19990
vivo,S2,4,128,19990
vivo,Z1 Pro,4,64,15990
vivo,Z1 Pro,6,64,17990
vivo,Z1 Pro,4,64,15990
vivo,X50  ,8,128,39990
vivo,S1,6,128,22990
vivo,Y90,2,16,7990
vivo,Y93,3,64,11990
vivo,Y94,4,32,15990
vivo,Y95,4,32,17000
vivo,Y95,4,64,18990
vivo,Y83,4,32,15990
vivo,V9,4,64,23400
vivo,X21,6,128,35399
vivo,V9 Youth,4,32,19899
vivo,V9,4,64,20990
vivo,V7+,4,64,22099
vivo,Y69,3,32,11999
vivo,Y95,4,64,20000
vivo,Y83 Pro,4,64,14500
vivo,V11 Pro,6,64,25990
vivo,Y83 Pro,4,64,15900
vivo,Y71i,2,16,8990
vivo,Y71i,2,16,8990
vivo,V9,4,64,18990
vivo,V9 Youth,4,32,17990
vivo,V7  ,4,32,15990
vivo,Y69,3,32,13990
Xiaomi,Y11T Pro,8,256,42999
Xiaomi,11i 5G,6,128,24999
Xiaomi,11i 5G,8,128,28999
Xiaomi,11i 5G,6,128,24999
Xiaomi,11i Hypercharge 5G,6,128,26999
Xiaomi,11i Hypercharge 5G,6,128,26999
Xiaomi,11i Hypercharge 5G,8,128,28999
Xiaomi,11i 5G,6,128,24999
Xiaomi,11i 5G,8,128,28999
Xiaomi,11i Hypercharge 5G,6,128,26999
Xiaomi,Redmi Note 11T 5G,6,64,18979
Xiaomi,Redmi Note 11T 5G,8,128,21736
Xiaomi,Redmi Note 11T 5G,6,129,19119
Xiaomi,Redmi Note 11T 5G,6,130,19100
Xiaomi,Redmi Note 11T 5G,6,128,18778
Xiaomi,Redmi Note 11T 5G,6,64,18187
Xiaomi,Redmi Note 11T 5G,8,128,22189
Xiaomi,Redmi Note 11T 5G,8,129,22163
Xiaomi,Note 10 lite,4,64,15998
Xiaomi,Note 10 lite,4,128,14990
Xiaomi,9A Sport,3,32,8599
Xiaomi,11 Lite NE,8,128,27999
Xiaomi,11 Lite NE,6,128,23990
Xiaomi,11 Lite NE,6,128,25990
Xiaomi,11 Lite NE,8,128,25684
Xiaomi,11 Lite NE,6,128,24798
Xiaomi,11 Lite NE,6,128,28999
Xiaomi,9A Sport,2,32,7798
Xiaomi,9A Sport,3,32,7798
Xiaomi,11 Lite NE,8,128,23999
Xiaomi,11 Lite NE,8,129,25999
Xiaomi,11 Lite NE,8,130,25999
Infinix,Hot 10 Play,3,32,8299
Infinix,Hot 10 Play,3,32,8299
Infinix,Hot 10 Play,3,32,8299
Infinix,Hot 11S,4,64,10999
Infinix,Hot 11S,4,64,10999
Infinix,Hot 11,4,64,9999
Infinix,Hot 11,4,64,9999
Infinix,Hot 10S,6,64,10999
Infinix,Hot 11S,4,64,10999
Infinix,Smart 5,2,32,7499
Infinix,Smart 6,2,32,7499
Infinix,Smart 7,2,32,7499
Infinix,Smart 8,2,32,7499
Infinix,Note 11 ,6,128,14499
Infinix,Smart 5A,2,32,7199
Infinix,Smart 5A,2,32,7199
Infinix,Smart 5A,2,32,7199
Infinix,Smart HD 2021,2,32,7990
Infinix,Hot 11S,4,128,11999
Infinix,Hot 11S,4,128,11999
Infinix,Hot 11S,4,128,11999
Infinix,Hot 10S,4,64,9999
Infinix,Note 11 ,4,64,12499
Infinix,Note 11 ,6,128,14499
Infinix,Note 11S,6,64,13999
Infinix,Note 11S,6,64,13999
Infinix,Note 11,6,128,14999
Infinix,Note 10 Pro,8,256,16999
Infinix,Note 11S Free Fire Edition,8,128,15999
Infinix,Note 11,4,64,12499
Infinix,Note 11S,6,64,13999
Infinix,Note 11 ,4,64,12499
Infinix,Note 11S Free Fire Edition,8,128,15999
Infinix,Note 10 Pro,8,256,16999
Infinix,Note 11S Free Fire Edition,8,128,15999
Infinix,Smart 4,2,32,8999
Infinix,Note 5,3,32,10999
Infinix,Smart 2,2,16,6999
Infinix,Smart 2,3,32,7946
Infinix,Hot 6 Pro,3,32,8999
Infinix,Note 5,4,64,12999
Infinix,Hot 8,4,64,9999
Infinix,Smart 3 Plus,2,32,7999
Infinix,Note 5 Stylus,4,64,16999
Infinix,S5 Pro,4,64,12999
Infinix,S4,3,32,9999
Infinix,Hot 8,4,64,9999
Infinix,Hot 10 Play,4,64,9299
Infinix,Hot 10S,6,64,10999
Infinix,Hot 11,4,64,9999
Infinix,Hot 11S,4,64,10999
Infinix,Hot 10S,4,64,9999
Infinix,Smart 5,2,32,7499
Infinix,Smart 5,2,32,7499
Infinix,Smart 5,2,32,7499
Infinix,Note 7,4,64,14999
Infinix,Zero 8i,8,128,18999
Infinix,S5 Pro,4,64,12999
Infinix,S5 Pro,4,64,12999
Infinix,Hot 10 Play,3,32,8299
Infinix,Hot 10 Play,4,64,9299
Infinix,Hot 10 Play,4,64,9299
Infinix,Hot 10 Play,4,64,9299
Infinix,Hot 11,4,64,9999
Infinix,Hot 11,4,64,9999
Infinix,Hot 10S,6,64,10999
Infinix,Hot 10S,6,64,10999
Infinix,Hot 10S,4,64,9999
Infinix,Smart HD 2021,2,32,7990
Infinix,Hot 10S,4,64,9999
Infinix,Note 10 Pro,8,256,16999
Infinix,Hot 10,4,64,11999
Infinix,Hot 10,4,64,11999
Infinix,Hot 10,4,64,11999
Infinix,Hot 10,4,64,11999
Infinix,Smart 4 Plus,3,32,9999
Infinix,Smart 4 Plus,3,32,9999
Infinix,Smart 4 Plus,3,32,9999
Infinix,Hot 10,6,128,13999
Infinix,Note 10,4,64,10999
Infinix,Hot 9,4,64,11999
Infinix,Hot 10,6,128,13999
Infinix,Hot 10,6,128,13999
Infinix,Smart 4 Plus,3,32,9999
Infinix,Hot 9,4,64,11999
Infinix,Note 10,4,64,10999
Infinix,Note 10,4,64,10999
Infinix,Smart 4,2,32,8999
Infinix,Smart 4,2,32,8999
Infinix,Note 7,4,64,14999
Infinix,Smart 4,2,32,8999
Infinix,Hot 9 Pro,4,64,12999
Infinix,Note 10,6,128,12499
Infinix,Note 10,6,128,12499
Infinix,Note 10,6,128,12499
Infinix,Hot 9 Pro,4,64,12999
Infinix,Hot 9,4,64,11999
Infinix,Hot S3X,3,32,10999
Infinix,Hot S3X,3,32,10999
Infinix,Hot S3X,3,32,10999
Infinix,Smart 3 Plus,2,32,7999
Infinix,Note 4,3,32,8999
Infinix,Hot 6 Pro,3,32,8999
Infinix,Smart 2,3,32,7946
Infinix,Smart 2,3,32,7946
Infinix,Smart 2,3,32,7946
Infinix,Hot S3,4,64,11999
Infinix,S5 Lite,4,64,9999
Infinix,Hot 6 Pro,3,32,8999
Infinix,Hot 6 Pro,3,32,8999
Infinix,Hot 8,4,64,9999
Infinix,Hot 4 Pro,3,16,7499
Infinix,Hot 4 Pro,3,16,7499
Infinix,S5 Lite,4,64,9999
Infinix,S5 Lite,4,64,9999
Infinix,Note 5,4,64,12999
Infinix,Hot S3,4,64,11999
Infinix,Hot S3,3,32,9999
Infinix,Hot 4 Pro,3,16,7499
Infinix,S5 ,4,64,10999
Infinix,Hot S3,3,32,9999
Infinix,Hot S3,3,32,9999
Infinix,Smart 2,2,16,6999
Infinix,Note 5 Stylus,4,64,16999
Infinix,Smart 3 Plus,2,32,7999
Infinix,Note 5,3,32,10399
Infinix,Hot 9 Pro,4,64,12999
Infinix,S5 ,4,64,10999
Infinix,Hot S3,3,32,9999
Infinix,Hot 7,4,64,9999
Infinix,Smart 2,2,16,6949
Infinix,Smart 2,2,16,6949
Infinix,S4,3,32,9999
Infinix,Zero 8i,8,128,18999
Infinix,Zero 5,6,64,17999
Infinix,Note 5,4,64,12999
Infinix,S4,4,64,10999
Infinix,S4,4,64,10999
Infinix,Note 4,3,32,8999
Infinix,Note 7,4,64,14999
Infinix,Hot S3,4,64,11999
Infinix,Zero 5 Pro,6,128,19999
Infinix,Note 4,3,32,8999
Infinix,S4,3,32,9999
Infinix,Hot 7 Pro,6,64,10999
Infinix,Hot 7 Pro,6,64,10999
Infinix,Hot 7 Pro,6,64,10999
Infinix,Hot 7,4,64,9999
Infinix,Zero 5,6,64,17999
Infinix,Zero 5,6,64,17999
Infinix,S4,4,64,10999
OPPO,Reno7 Pro 5G,12,256,39999
Xiaomi,11i Hypercharge 5G,8,128,28999
POCO,C31,3,32,7999
POCO,C31,3,32,7999
POCO,C31,4,64,8999
POCO,C31,4,64,8999
vivo,T1 5G,8,128,19990
vivo,T1 5G,6,128,16990
vivo,T1 5G,8,128,19990
vivo,T1 5G,4,128,15990
vivo,T1 5G,4,128,15990
vivo,T1 5G,6,128,16990
vivo,Y21A,4,64,14449
OPPO,Reno7 5G,8,256,28999
OPPO,Reno7 5G,8,256,28999
OPPO,A16k,3,32,10490
OPPO,A16k,3,32,10490
OPPO,A16k,3,32,10490
OPPO,A16,4,64,13490
OPPO,A55,6,128,17790
ASUS,ROG 5s,8,128,49999
ASUS,ROG 5s,8,128,49999
ASUS,ROG 5s,12,256,57999
ASUS,ROG 5s,12,256,57999
ASUS,ROG 5s Pro,18,512,79999
Apple,iPhone 13 ,4,512,104900
Apple,iPhone 13 Pro Max,4,256,139900
Apple,iPhone 13 Pro Max,4,512,159900
Apple,iPhone 13 Pro,4,512,149900
Apple,iPhone 13 mini,4,128,64900
Apple,iPhone 13 Pro Max,4,128,119900
Apple,iPhone 13 mini,4,512,94900
Apple,iPhone 13 Pro Max,4,256,139900
Apple,iPhone 13 Pro Max,4,256,139900
Apple,iPhone 13 Pro Max,4,512,159900
Apple,iPhone 13 Pro Max,4,512,159900
Apple,iPhone 13 Pro Max,4,128,129900
Apple,iPhone 13 Pro Max,4,128,129900
Apple,iPhone 13 Pro Max,4,128,129900
Apple,iPhone 13 Pro Max,4,256,139900
Apple,iPhone 13 Pro Max,4,256,139900
Apple,iPhone 13 Pro Max,4,512,159900
Apple,iPhone 13 Pro Max,4,512,159900
vivo,Y75 5G,8,128,21990
vivo,Y75 5G,8,128,22490
realme,9 5G,6,128,17499
realme,9 5G,6,128,17499
realme,9 5G,4,64,14999
realme,9 5G,4,64,14999
realme,9 Pro 5G,6,128,17999
realme,9 Pro 5G,6,128,17999
realme,9 Pro 5G,6,128,17999
realme,9 Pro 5G,8,128,20999
realme,9 Pro+ 5G,6,128,24999
realme,9 Pro+ 5G,8,256,28999
realme,9 Pro+ 5G,6,128,24999
realme,9 Pro+ 5G,8,128,26999
realme,9 Pro 5G,8,128,20999
realme,9 5G SE,8,128,22999
realme,9 5G SE,6,128,19999
realme,9 5G SE,6,128,19999
realme,9 5G SE,8,128,22999
realme,9 Pro+ 5G,8,256,28999
realme,9 Pro+ 5G,8,128,26999
realme,C35,4,128,12999
realme,C35,4,64,11999
realme,C35,4,128,12999
POCO,M4 Pro,6,64,14999
POCO,M4 Pro,6,64,14999
POCO,M4 Pro,6,128,16499
POCO,M4 Pro,8,128,17999
POCO,M4 Pro,8,128,17999
POCO,M4 Pro,6,128,16499
POCO,M4 Pro 5G,4,64,14999
POCO,M4 Pro 5G,8,128,18999
POCO,M4 Pro 5G,6,128,16999
POCO,M4 Pro 5G,6,128,16999
POCO,M4 Pro 5G,4,64,14999
POCO,M4 Pro 5G,8,128,18999
POCO,M4 Pro 5G,4,64,14999
POCO,M4 Pro 5G,8,128,18999
POCO,M4 Pro 5G,6,128,16999
SAMSUNG,Galaxy S21 SE 5G,8,128,54990
SAMSUNG,Galaxy F23 5G,4,128,15999
SAMSUNG,Galaxy S21 SE 5G,8,128,59990
SAMSUNG,Galaxy F23 5G,6,128,16999
SAMSUNG,Galaxy F23 5G,6,128,16999
SAMSUNG,Galaxy F23 5G,4,128,15999
SAMSUNG,Galaxy A03 Core,2,32,7999
SAMSUNG,Galaxy A03 Core,2,32,7999
SAMSUNG,Galaxy A32 ,8,128,22910
SAMSUNG,Galaxy A32 ,8,128,22930
SAMSUNG,M52 5G,8,128,27839
SAMSUNG,M52 5G,6,128,25990
SAMSUNG,M52 5G,6,128,25489
SAMSUNG,M52 5G,8,128,27239
SAMSUNG,M52 5G,8,128,22989
SAMSUNG,M52 5G,8,128,20350
